<?xml version="1.0" encoding="UTF-8" standalone="yes"?>
<DependencySpecHolder>
    <specs>
        <entry>
            <key>ID_PULSEWIDTH</key>
            <value>
                <depExpHolderMap>
                    <entry>
                        <key>ListItemEnabled</key>
                        <value>
                            <dependencyExpressionHolderMap>
<entry>
    <key>ID_PULSEWIDTH_500NS</key>
    <value>
        <dependencyExpressionHolders>
            <expressions>
                <entry>
                    <key>false</key>
                    <value>
                        <dependencyExpressions>
                            <confirmationRequired>false</confirmationRequired>
                            <expression>
<expression>*else</expression>
                            </expression>
                        </dependencyExpressions>
                    </value>
                </entry>
                <entry>
                    <key>true</key>
                    <value>
                        <dependencyExpressions>
                            <confirmationRequired>false</confirmationRequired>
                            <expression>
<expression>(($ID_MODELNAME.Value==%ID_MODELNAME_P2000B)||
($ID_OPTION_001.Value==true)) &amp;&amp;
($ID_DISTANCERANGE.Value==%ID_DISTANCERANGE_200KM)</expression>
                            </expression>
                        </dependencyExpressions>
                    </value>
                </entry>
            </expressions>
            <settingDisabledBehavior>Reject</settingDisabledBehavior>
            <targetElement>ListItemEnabled</targetElement>
        </dependencyExpressionHolders>
    </value>
</entry>
<entry>
    <key>DefaultItem</key>
    <value>
        <dependencyExpressionHolders>
            <expressions/>
            <settingDisabledBehavior>Reject</settingDisabledBehavior>
            <targetElement>ListItemEnabled</targetElement>
        </dependencyExpressionHolders>
        <dependencyExpressionHolders>
            <expressions/>
            <settingDisabledBehavior>Reject</settingDisabledBehavior>
            <targetElement>ListItemEnabled</targetElement>
        </dependencyExpressionHolders>
    </value>
</entry>
                            </dependencyExpressionHolderMap>
                        </value>
                    </entry>
                    <entry>
                        <key>Enabled</key>
                        <value>
                            <dependencyExpressionHolderMap>
<entry>
    <key>DefaultItem</key>
    <value>
        <dependencyExpressionHolders>
            <expressions>
                <entry>
                    <key>false</key>
                    <value>
                        <dependencyExpressions>
                            <confirmationRequired>false</confirmationRequired>
                            <expression>
<expression>$ID_TEST_MODE.Value==%ID_TEST_MODE_AUTO</expression>
                            </expression>
                        </dependencyExpressions>
                    </value>
                </entry>
                <entry>
                    <key>true</key>
                    <value>
                        <dependencyExpressions>
                            <confirmationRequired>false</confirmationRequired>
                            <expression>
<expression>*else</expression>
                            </expression>
                        </dependencyExpressions>
                    </value>
                </entry>
            </expressions>
            <settingDisabledBehavior>Reject</settingDisabledBehavior>
            <targetElement>Enabled</targetElement>
        </dependencyExpressionHolders>
    </value>
</entry>
                            </dependencyExpressionHolderMap>
                        </value>
                    </entry>
                </depExpHolderMap>
                <id>ID_PULSEWIDTH</id>
            </value>
        </entry>
        <entry>
            <key>ID_MODELNAME</key>
            <value>
                <depExpHolderMap/>
                <id>ID_MODELNAME</id>
            </value>
        </entry>
        <entry>
            <key>ID_DISTANCERANGE</key>
            <value>
                <depExpHolderMap>
                    <entry>
                        <key>ListItemEnabled</key>
                        <value>
                            <dependencyExpressionHolderMap>
<entry>
    <key>ID_DISTANCERANGE_200KM</key>
    <value>
        <dependencyExpressionHolders>
            <expressions/>
            <settingDisabledBehavior>Reject</settingDisabledBehavior>
            <targetElement>ListItemEnabled</targetElement>
        </dependencyExpressionHolders>
    </value>
</entry>
<entry>
    <key>DefaultItem</key>
    <value>
        <dependencyExpressionHolders>
            <expressions/>
            <settingDisabledBehavior>Reject</settingDisabledBehavior>
            <targetElement>ListItemEnabled</targetElement>
        </dependencyExpressionHolders>
    </value>
</entry>
                            </dependencyExpressionHolderMap>
                        </value>
                    </entry>
                    <entry>
                        <key>Enabled</key>
                        <value>
                            <dependencyExpressionHolderMap>
<entry>
    <key>DefaultItem</key>
    <value>
        <dependencyExpressionHolders>
            <expressions>
                <entry>
                    <key>true</key>
                    <value>
                        <dependencyExpressions>
                            <confirmationRequired>false</confirmationRequired>
                            <expression>
<expression>$ID_TEST_MODE.Value==%ID_TEST_MODE_MANUAL</expression>
                            </expression>
                        </dependencyExpressions>
                    </value>
                </entry>
                <entry>
                    <key>false</key>
                    <value>
                        <dependencyExpressions>
                            <confirmationRequired>false</confirmationRequired>
                            <expression>
<expression>*else</expression>
                            </expression>
                        </dependencyExpressions>
                    </value>
                </entry>
            </expressions>
            <settingDisabledBehavior>Reject</settingDisabledBehavior>
            <targetElement>Enabled</targetElement>
        </dependencyExpressionHolders>
    </value>
</entry>
                            </dependencyExpressionHolderMap>
                        </value>
                    </entry>
                </depExpHolderMap>
                <id>ID_DISTANCERANGE</id>
            </value>
        </entry>
        <entry>
            <key>ID_TEST_MODE</key>
            <value>
                <depExpHolderMap/>
                <id>ID_TEST_MODE</id>
            </value>
        </entry>
        <entry>
            <key>ID_OPTION_001</key>
            <value>
                <depExpHolderMap>
                    <entry>
                        <key>Enabled</key>
                        <value>
                            <dependencyExpressionHolderMap>
<entry>
    <key>DefaultItem</key>
    <value>
        <dependencyExpressionHolders>
            <expressions>
                <entry>
                    <key>true</key>
                    <value>
                        <dependencyExpressions>
                            <confirmationRequired>false</confirmationRequired>
                            <expression>
<expression>$ID_MODELNAME.Value==%ID_MODELNAME_P1000A</expression>
                            </expression>
                        </dependencyExpressions>
                    </value>
                </entry>
                <entry>
                    <key>false</key>
                    <value>
                        <dependencyExpressions>
                            <confirmationRequired>false</confirmationRequired>
                            <expression>
<expression>*else</expression>
                            </expression>
                        </dependencyExpressions>
                    </value>
                </entry>
            </expressions>
            <settingDisabledBehavior>Reject</settingDisabledBehavior>
            <targetElement>Enabled</targetElement>
        </dependencyExpressionHolders>
    </value>
</entry>
                            </dependencyExpressionHolderMap>
                        </value>
                    </entry>
                </depExpHolderMap>
                <id>ID_OPTION_001</id>
            </value>
        </entry>
        <entry>
            <key>ID_AVERAGETIME</key>
            <value>
                <depExpHolderMap>
                    <entry>
                        <key>Enabled</key>
                        <value>
                            <dependencyExpressionHolderMap>
<entry>
    <key>DefaultItem</key>
    <value>
        <dependencyExpressionHolders>
            <expressions>
                <entry>
                    <key>true</key>
                    <value>
                        <dependencyExpressions>
                            <confirmationRequired>false</confirmationRequired>
                            <expression>
<expression>$ID_TEST_MODE.Value==%ID_TEST_MODE_MANUAL</expression>
                            </expression>
                        </dependencyExpressions>
                    </value>
                </entry>
                <entry>
                    <key>false</key>
                    <value>
                        <dependencyExpressions>
                            <confirmationRequired>false</confirmationRequired>
                            <expression>
<expression>*else</expression>
                            </expression>
                        </dependencyExpressions>
                    </value>
                </entry>
            </expressions>
            <settingDisabledBehavior>Reject</settingDisabledBehavior>
            <targetElement>Enabled</targetElement>
        </dependencyExpressionHolders>
    </value>
</entry>
                            </dependencyExpressionHolderMap>
                        </value>
                    </entry>
                </depExpHolderMap>
                <id>ID_AVERAGETIME</id>
            </value>
        </entry>
    </specs>
</DependencySpecHolder>
