{"enableRelation":{"ID_DISTANCERANGE_20KM":["ID_PULSEWIDTH_20NS","ID_PULSEWIDTH_50NS"],"ID_DISTANCERANGE_100KM":["ID_PULSEWIDTH_500NS","ID_PULSEWIDTH_100NS","ID_OPTION_002"],"ID_PULSEWIDTH_20NS":["ID_DISTANCERANGE_20KM","ID_DISTANCERANGE_10KM"],"ID_DISTANCERANGE_50KM":["ID_PULSEWIDTH_50NS","ID_OPTION_003","ID_PULSEWIDTH_100NS"],"ID_PULSEWIDTH_10NS":["ID_DISTANCERANGE_10KM","ID_DISTANCERANGE_1KM"],"ID_DISTANCERANGE_10KM":["ID_PULSEWIDTH_20NS","ID_PULSEWIDTH_10NS"],"ID_PULSEWIDTH_100NS":["ID_DISTANCERANGE_100KM","ID_DISTANCERANGE_50KM"],"ID_DISTANCERANGE_1KM":["ID_PULSEWIDTH_10NS","ID_PULSEWIDTH_1NS"],"ID_PULSEWIDTH_500NS":["ID_DISTANCERANGE_200KM","ID_DISTANCERANGE_100KM"],"ID_DISTANCERANGE_200KM":["ID_PULSEWIDTH_500NS","ID_OPTION_001"],"ID_PULSEWIDTH_50NS":["ID_DISTANCERANGE_20KM","ID_DISTANCERANGE_50KM"],"ID_PULSEWIDTH_1NS":["ID_DISTANCERANGE_1KM"],"ID_BAND_0S":["ID_START_WAVELENGTH","ID_CENTER_WAVELENGTH","ID_STOP_WAVELENGTH","ID_SPAN_WAVELENGTH"],"ID_START_WAVELENGTH":["ID_BAND_2L","ID_BAND_1C","ID_BAND_0S","ID_BAND_USER"],"ID_CENTER_WAVELENGTH":["ID_BAND_2L","ID_BAND_1C","ID_BAND_0S","ID_BAND_USER"],"ID_STOP_WAVELENGTH":["ID_BAND_2L","ID_BAND_1C","ID_BAND_0S","ID_BAND_USER"],"ID_SPAN_WAVELENGTH":["ID_BAND_2L","ID_BAND_1C","ID_BAND_0S","ID_BAND_USER"],"ID_BAND_1C":["ID_START_WAVELENGTH","ID_CENTER_WAVELENGTH","ID_STOP_WAVELENGTH","ID_SPAN_WAVELENGTH"],"ID_BAND_2L":["ID_START_WAVELENGTH","ID_CENTER_WAVELENGTH","ID_STOP_WAVELENGTH","ID_SPAN_WAVELENGTH"],"ID_BAND_USER":["ID_START_WAVELENGTH","ID_CENTER_WAVELENGTH","ID_STOP_WAVELENGTH","ID_SPAN_WAVELENGTH"],"ID_OPTION_003":["ID_DISTANCERANGE_50KM"],"ID_OPTION_001":["ID_DISTANCERANGE_200KM"],"ID_OPTION_002":["ID_DISTANCERANGE_100KM"],"ID_MODELNAME_P1000A":["ID_APPLICATION_OTDR","ID_APPLICATION_OSCILLO","ID_APPLICATION_OSA","ID_APPLICATION_BERTS","ID_APPLICATION_CONFIG","ID_APPLICATION_TOP"],"ID_APPLICATION_BERTS":["ID_MODELNAME_P1000A"],"ID_APPLICATION_CONFIG":["ID_MODELNAME_P1000A","ID_MODELNAME_P2000B"],"ID_APPLICATION_OSA":["ID_MODELNAME_P1000A","ID_MODELNAME_P2000B"],"ID_APPLICATION_OSCILLO":["ID_MODELNAME_P1000A"],"ID_APPLICATION_OTDR":["ID_MODELNAME_P1000A","ID_MODELNAME_P2000B"],"ID_APPLICATION_TOP":["ID_MODELNAME_P1000A","ID_MODELNAME_P2000B"],"ID_MODELNAME_P2000B":["ID_APPLICATION_OTDR","ID_APPLICATION_OSA","ID_APPLICATION_CONFIG","ID_APPLICATION_TOP"]},"priority":{"ID_BAND":10,"ID_OPTION_001":20,"ID_DISTANCERANGE":5,"ID_OPTION_002":20,"ID_OPTION_003":20,"ID_APPLICATION":15,"ID_MODELNAME":30,"ID_WAVELENGTH_UPPERLIMIT":5,"ID_WAVELENGTH_LOWERLIMIT":5},"values":{"ID_START_WAVELENGTH":{"ID_START_WAVELENGTH":"","ID_CENTER_WAVELENGTH":"$ID_CENTER_WAVELENGTH-$ID_SPAN_WAVELENGTH/2","ID_STOP_WAVELENGTH":"","ID_SPAN_WAVELENGTH":"$ID_CENTER_WAVELENGTH-$ID_SPAN_WAVELENGTH/2","ID_BAND_0S":"1460","ID_BAND_1C":"1530","ID_BAND_2L":"1625"},"ID_CENTER_WAVELENGTH":{"ID_START_WAVELENGTH":"($ID_START_WAVELENGTH+$ID_STOP_WAVELENGTH)/2","ID_STOP_WAVELENGTH":"($ID_START_WAVELENGTH+$ID_STOP_WAVELENGTH)/2","ID_BAND_USER":""},"ID_SPAN_WAVELENGTH":{"ID_START_WAVELENGTH":"$ID_STOP_WAVELENGTH-$ID_START_WAVELENGTH","ID_CENTER_WAVELENGTH":"","ID_STOP_WAVELENGTH":"$ID_STOP_WAVELENGTH-$ID_START_WAVELENGTH"},"ID_STOP_WAVELENGTH":{"ID_START_WAVELENGTH":"","ID_CENTER_WAVELENGTH":"$ID_CENTER_WAVELENGTH+$ID_SPAN_WAVELENGTH/2","ID_SPAN_WAVELENGTH":"$ID_CENTER_WAVELENGTH+$ID_SPAN_WAVELENGTH/2","ID_BAND_0S":"1530","ID_BAND_1C":"1565","ID_BAND_2L":"1675"},"ID_BAND_USER":{},"ID_BAND_0S":{},"ID_BAND_1C":{},"ID_BAND_2L":{},"ID_BAND":{"ID_BAND":"","ID_START_WAVELENGTH":"ID_BAND_USER:*"},"ID_CURSOR_A":{"ID_CURSOR_B":"<","ID_WAVELENGTH_LOWERLIMIT":">"},"ID_CURSOR_B":{"ID_CURSOR_A":">","ID_WAVELENGTH_UPPERLIMIT":"<"},"ID_WAVELENGTH_LOWERLIMIT":{"ID_CURSOR_A":"<"},"ID_WAVELENGTH_UPPERLIMIT":{"ID_CURSOR_B":">"},"ID_ED_PATTERN":{"ID_PPG_PATTERN_PRBS15":"","ID_ED_PATTERN_PRBS15":"","ID_ED_PATTERN_PRBS9":"","ID_PPG_PATTERN_PRBS9":"","ID_PPG_PATTERN_PRBS23":"","ID_ED_PATTERN_PRBS23":"","ID_PPG_PATTERN":"=@($ID_ED_SYNC==true)"},"ID_PPG_PATTERN_PRBS15":{},"ID_PPG_PATTERN_PRBS23":{},"ID_PPG_PATTERN_PRBS9":{},"ID_ED_MODULATION":{"ID_ED_MODULATION_PAM4":"","ID_ED_MODULATION_RZ":"","ID_PPG_MODULATION_PAM4":"","ID_ED_MODULATION_CSRZ":"","ID_PPG_MODULATION_CSRZ":"","ID_PPG_MODULATION_NRZ":"","ID_PPG_MODULATION_RZ":"","ID_ED_MODULATION_NRZ":"","ID_PPG_MODULATION":"=@($ID_ED_SYNC==true)"},"ID_PPG_MODULATION_CSRZ":{},"ID_PPG_MODULATION_NRZ":{},"ID_PPG_MODULATION_PAM4":{},"ID_PPG_MODULATION_RZ":{},"ID_PPG_PATTERN":{"ID_PPG_PATTERN_PRBS15":"","ID_ED_PATTERN_PRBS15":"","ID_ED_PATTERN_PRBS9":"","ID_ED_PATTERN_PRBS23":"","ID_ED_PATTERN":"=@($ID_ED_SYNC==true)"},"ID_ED_MODULATION_CSRZ":{},"ID_ED_MODULATION_NRZ":{},"ID_ED_MODULATION_PAM4":{},"ID_ED_MODULATION_RZ":{},"ID_ED_PATTERN_PRBS15":{},"ID_ED_PATTERN_PRBS23":{},"ID_ED_PATTERN_PRBS9":{},"ID_PPG_MODULATION":{"ID_ED_MODULATION_PAM4":"","ID_ED_MODULATION_RZ":"","ID_ED_MODULATION_CSRZ":"","ID_ED_MODULATION_NRZ":"","ID_ED_FREQUENCY":"","ID_ED_MODULATION":"=@($ID_ED_SYNC==true)"},"ID_ED_FREQUENCY":{"ID_PPG_FREQUENCY":"=@($ID_ED_SYNC==true)","ID_PPG_MODULATION":""},"ID_PPG_FREQUENCY":{"ID_ED_FREQUENCY":"=@($ID_ED_SYNC==true)"}},"userdIds":["ID_APPLICATION_OTDR","ID_DISTANCERANGE_100KM","ID_PULSEWIDTH_10NS","ID_APPLICATION_OSA","ID_APPLICATION_BERTS","ID_ED_MODULATION_NRZ","ID_CENTER_WAVELENGTH","ID_APPLICATION_OSCILLO","ID_ED_MODULATION","ID_PULSEWIDTH_50NS","ID_PPG_MODULATION_RZ","ID_CURSOR_A","ID_PPG_FREQUENCY","ID_CURSOR_B","ID_APPLICATION_CONFIG","ID_START_WAVELENGTH","ID_PULSEWIDTH_20NS","ID_PPG_MODULATION_PAM4","ID_ED_FREQUENCY","ID_SPAN_WAVELENGTH","ID_BAND_0S","ID_PPG_MODULATION_CSRZ","ID_PPG_PATTERN_PRBS23","ID_DISTANCERANGE_1KM","ID_ED_PATTERN_PRBS23","ID_APPLICATION_TOP","ID_PULSEWIDTH_500NS","ID_PPG_PATTERN_PRBS15","ID_ED_PATTERN_PRBS15","ID_BAND_1C","ID_DISTANCERANGE_20KM","ID_ED_MODULATION_PAM4","ID_PPG_PATTERN","ID_ED_MODULATION_CSRZ","ID_OPTION_003","ID_PULSEWIDTH_100NS","ID_OPTION_002","ID_PPG_MODULATION_NRZ","ID_OPTION_001","ID_BAND","ID_ED_MODULATION_RZ","ID_WAVELENGTH_LOWERLIMIT","ID_PULSEWIDTH_1NS","ID_BAND_2L","ID_ED_PATTERN_PRBS9","ID_MODELNAME_P1000A","ID_DISTANCERANGE_50KM","ID_STOP_WAVELENGTH","ID_DISTANCERANGE_10KM","ID_WAVELENGTH_UPPERLIMIT","ID_PPG_PATTERN_PRBS9","ID_ED_PATTERN","ID_DISTANCERANGE_200KM","ID_MODELNAME_P2000B","ID_BAND_USER","ID_PPG_MODULATION"]}
