{"configs":{"application":{"triggers":["ID_MODELNAME","ID_OPTION_001","ID_OPTION_002","ID_OPTION_003"],"targets":["ID_APPLICATION"]},"distance_pulse":{"triggers":["ID_DISTANCERANGE"],"targets":["ID_PULSEWIDTH"]},"osa_wavelength":{"triggers":["ID_START_WAVELENGTH","ID_STOP_WAVELENGTH","ID_CENTER_WAVELENGTH","ID_SPAN_WAVELENGTH","ID_BAND"],"targets":["ID_BAND","ID_START_WAVELENGTH","ID_STOP_WAVELENGTH","ID_CENTER_WAVELENGTH","ID_SPAN_WAVELENGTH"]},"newspec":{"triggers":["ID_START_WAVELENGTH","ID_STOP_WAVELENGTH","ID_CENTER_WAVELENGTH","ID_SPAN_WAVELENGTH"],"targets":["ID_START_WAVELENGTH","ID_STOP_WAVELENGTH","ID_CENTER_WAVELENGTH","ID_SPAN_WAVELENGTH"]},"otdr_distance_pulse":{"triggers":["ID_DISTANCERANGE"],"targets":["ID_PULSEWIDTH","ID_OPTION_001","ID_OPTION_002","ID_OPTION_003"]},"cursor":{"triggers":["ID_CURSOR_A","ID_CURSOR_B","ID_WAVELENGTH_UPPERLIMIT","ID_WAVELENGTH_LOWERLIMIT","ID_START_WAVELENGTH","ID_STOP_WAVELENGTH","ID_CURSOR_A_UP","ID_CURSOR_A_DOWN","ID_CURSOR_B_DOWN","ID_CURSOR_B_UP"],"targets":["ID_CURSOR_A","ID_CURSOR_B","ID_START_WAVELENGTH","ID_STOP_WAVELENGTH"]},"berts":{"triggers":["ID_PPG_PATTERN","ID_PPG_MODULATION","ID_PPG_FREQUENCY"],"targets":["ID_ED_MODULATION","ID_ED_PATTERN","ID_ED_FREQUENCY"]},"state":{"triggers":["ID_BERTS_STATE","ID_BERTS_TEST_CONTROL"],"targets":["ID_START_ACTION","ID_STOP_ACTION","ID_PPG_PATTERN","ID_ED_PATTERN","ID_PPG_FREQUENCY","ID_PPG_MODULATION","ID_ED_FREQUENCY","ID_ED_MODULATION"]},"bert_test":{"triggers":["ID_BERTS_TEST_CONTROL","ID_START_ACTION","ID_STOP_ACTION"],"targets":["ID_BERTS_MODULE1_TESTSTATE","ID_BERTS_MODULE2_TESTSTATE"]},"bert_test2":{"triggers":["ID_BERTS_MODULE1_TESTSTATE","ID_BERTS_MODULE2_TESTSTATE","ID_START_ACTION","ID_STOP_ACTION","ID_BERTS_TEST_CONTROL"],"targets":["ID_BERTS_TEST_CONTROL","ID_START_ACTION","ID_STOP_ACTION","ID_BERTS_MODULE1_TESTSTATE","ID_BERTS_MODULE2_TESTSTATE","ID_BERT_STATE_MODULE1","ID_BERT_STATE_MODULE2"]},"bert_test3":{"triggers":["ID_BERT_STATE_MODULE1","ID_BERT_STATE_MODULE2"],"targets":["ID_BERTS_TEST_CONTROL","ID_START_ACTION","ID_STOP_ACTION","ID_BERTS_MODULE1_TESTSTATE","ID_BERTS_MODULE2_TESTSTATE","ID_BERT_STATE_MODULE1","ID_BERT_STATE_MODULE2"]},"stopaction":{"triggers":["ID_BERT_STATE_MODULE1","ID_BERT_STATE_MODULE2"],"targets":["ID_STOP_ACTION"]}}}
