<?xml version="1.0" encoding="UTF-8" standalone="yes"?>
<DependencySpecHolder>
    <specs>
        <entry>
            <key>ID_OSA_CENTER_WAVELENGTH_NM</key>
            <value>
                <depExpHolderMap>
                    <entry>
                        <key>Enabled</key>
                        <value>
                            <dependencyExpressionHolderMap>
<entry>
    <key>DefaultItem</key>
    <value>
        <dependencyExpressionHolders>
            <expressions>
                <entry>
                    <key>true</key>
                    <value>
                        <dependencyExpressions>
                            <confirmationRequired>false</confirmationRequired>
                            <expression>
<expression>$ID_OSA_BAND.Value==%ID_OSA_BAND_USER</expression>
                            </expression>
                        </dependencyExpressions>
                    </value>
                </entry>
                <entry>
                    <key>false</key>
                    <value>
                        <dependencyExpressions>
                            <confirmationRequired>false</confirmationRequired>
                            <expression>
<expression>*else</expression>
                            </expression>
                        </dependencyExpressions>
                    </value>
                </entry>
            </expressions>
            <settingDisabledBehavior>Reject</settingDisabledBehavior>
            <targetElement>Enabled</targetElement>
        </dependencyExpressionHolders>
    </value>
</entry>
                            </dependencyExpressionHolderMap>
                        </value>
                    </entry>
                    <entry>
                        <key>Value</key>
                        <value>
                            <dependencyExpressionHolderMap>
<entry>
    <key>DefaultItem</key>
    <value>
        <dependencyExpressionHolders>
            <expressions>
                <entry>
                    <key>($ID_OSA_START_WAVELENGTH_NM.Value  + $ID_OSA_STOP_WAVELENGTH_NM.Value) /2</key>
                    <value>
                        <dependencyExpressions>
                            <confirmationRequired>false</confirmationRequired>
                            <expression>
<expression></expression>
                            </expression>
                        </dependencyExpressions>
                    </value>
                </entry>
            </expressions>
            <settingDisabledBehavior>Reject</settingDisabledBehavior>
            <targetElement>Value</targetElement>
        </dependencyExpressionHolders>
    </value>
</entry>
                            </dependencyExpressionHolderMap>
                        </value>
                    </entry>
                </depExpHolderMap>
                <id>ID_OSA_CENTER_WAVELENGTH_NM</id>
            </value>
        </entry>
        <entry>
            <key>ID_OSA_START_WAVELENGTH_NM</key>
            <value>
                <depExpHolderMap>
                    <entry>
                        <key>Enabled</key>
                        <value>
                            <dependencyExpressionHolderMap>
<entry>
    <key>DefaultItem</key>
    <value>
        <dependencyExpressionHolders>
            <expressions>
                <entry>
                    <key>true</key>
                    <value>
                        <dependencyExpressions>
                            <confirmationRequired>false</confirmationRequired>
                            <expression>
<expression>$ID_OSA_BAND.Value==%ID_OSA_BAND_USER</expression>
                            </expression>
                        </dependencyExpressions>
                    </value>
                </entry>
                <entry>
                    <key>false</key>
                    <value>
                        <dependencyExpressions>
                            <confirmationRequired>false</confirmationRequired>
                            <expression>
<expression>*else</expression>
                            </expression>
                        </dependencyExpressions>
                    </value>
                </entry>
            </expressions>
            <settingDisabledBehavior>Reject</settingDisabledBehavior>
            <targetElement>Enabled</targetElement>
        </dependencyExpressionHolders>
    </value>
</entry>
                            </dependencyExpressionHolderMap>
                        </value>
                    </entry>
                    <entry>
                        <key>Value</key>
                        <value>
                            <dependencyExpressionHolderMap>
<entry>
    <key>DefaultItem</key>
    <value>
        <dependencyExpressionHolders>
            <expressions>
                <entry>
                    <key>$ID_OSA_CENTER_WAVELENGTH_NM.Value - $ID_OSA_SPAN_WAVELENGTH_NM.Value / 2</key>
                    <value>
                        <dependencyExpressions>
                            <confirmationRequired>false</confirmationRequired>
                            <expression>
<expression></expression>
                            </expression>
                        </dependencyExpressions>
                    </value>
                </entry>
                <entry>
                    <key>1565</key>
                    <value>
                        <dependencyExpressions>
                            <confirmationRequired>false</confirmationRequired>
                            <expression>
<expression>$ID_OSA_BAND.Value == %ID_OSA_BAND_L</expression>
                            </expression>
                        </dependencyExpressions>
                    </value>
                </entry>
                <entry>
                    <key>1530</key>
                    <value>
                        <dependencyExpressions>
                            <confirmationRequired>false</confirmationRequired>
                            <expression>
<expression>$ID_OSA_BAND.Value == %ID_OSA_BAND_C</expression>
                            </expression>
                        </dependencyExpressions>
                    </value>
                </entry>
                <entry>
                    <key>1460</key>
                    <value>
                        <dependencyExpressions>
                            <confirmationRequired>false</confirmationRequired>
                            <expression>
<expression>$ID_OSA_BAND.Value == %ID_OSA_BAND_S</expression>
                            </expression>
                        </dependencyExpressions>
                    </value>
                </entry>
                <entry>
                    <key>1360</key>
                    <value>
                        <dependencyExpressions>
                            <confirmationRequired>false</confirmationRequired>
                            <expression>
<expression>$ID_OSA_BAND.Value == %ID_OSA_BAND_E</expression>
                            </expression>
                        </dependencyExpressions>
                    </value>
                </entry>
                <entry>
                    <key>1260</key>
                    <value>
                        <dependencyExpressions>
                            <confirmationRequired>false</confirmationRequired>
                            <expression>
<expression>$ID_OSA_BAND.Value == %ID_OSA_BAND_O</expression>
                            </expression>
                        </dependencyExpressions>
                    </value>
                </entry>
            </expressions>
            <settingDisabledBehavior>Reject</settingDisabledBehavior>
            <targetElement>Value</targetElement>
        </dependencyExpressionHolders>
    </value>
</entry>
                            </dependencyExpressionHolderMap>
                        </value>
                    </entry>
                </depExpHolderMap>
                <id>ID_OSA_START_WAVELENGTH_NM</id>
            </value>
        </entry>
        <entry>
            <key>ID_OSA_SPAN_WAVELENGTH_NM</key>
            <value>
                <depExpHolderMap>
                    <entry>
                        <key>Value</key>
                        <value>
                            <dependencyExpressionHolderMap>
<entry>
    <key>DefaultItem</key>
    <value>
        <dependencyExpressionHolders>
            <expressions>
                <entry>
                    <key>$ID_OSA_STOP_WAVELENGTH_NM.Value - $ID_OSA_START_WAVELENGTH_NM.Value</key>
                    <value>
                        <dependencyExpressions>
                            <confirmationRequired>false</confirmationRequired>
                            <expression>
<expression></expression>
                            </expression>
                        </dependencyExpressions>
                    </value>
                </entry>
            </expressions>
            <settingDisabledBehavior>Reject</settingDisabledBehavior>
            <targetElement>Value</targetElement>
        </dependencyExpressionHolders>
    </value>
</entry>
                            </dependencyExpressionHolderMap>
                        </value>
                    </entry>
                </depExpHolderMap>
                <id>ID_OSA_SPAN_WAVELENGTH_NM</id>
            </value>
        </entry>
        <entry>
            <key>ID_OSA_STOP_WAVELENGTH_NM</key>
            <value>
                <depExpHolderMap>
                    <entry>
                        <key>Enabled</key>
                        <value>
                            <dependencyExpressionHolderMap>
<entry>
    <key>DefaultItem</key>
    <value>
        <dependencyExpressionHolders>
            <expressions>
                <entry>
                    <key>true</key>
                    <value>
                        <dependencyExpressions>
                            <confirmationRequired>false</confirmationRequired>
                            <expression>
<expression>$ID_OSA_BAND.Value==%ID_OSA_BAND_USER</expression>
                            </expression>
                        </dependencyExpressions>
                    </value>
                </entry>
                <entry>
                    <key>false</key>
                    <value>
                        <dependencyExpressions>
                            <confirmationRequired>false</confirmationRequired>
                            <expression>
<expression>*else</expression>
                            </expression>
                        </dependencyExpressions>
                    </value>
                </entry>
            </expressions>
            <settingDisabledBehavior>Reject</settingDisabledBehavior>
            <targetElement>Enabled</targetElement>
        </dependencyExpressionHolders>
    </value>
</entry>
                            </dependencyExpressionHolderMap>
                        </value>
                    </entry>
                    <entry>
                        <key>Value</key>
                        <value>
                            <dependencyExpressionHolderMap>
<entry>
    <key>DefaultItem</key>
    <value>
        <dependencyExpressionHolders>
            <expressions>
                <entry>
                    <key>1565</key>
                    <value>
                        <dependencyExpressions>
                            <confirmationRequired>false</confirmationRequired>
                            <expression>
<expression>$ID_OSA_BAND.Value == %ID_OSA_BAND_C</expression>
                            </expression>
                        </dependencyExpressions>
                    </value>
                </entry>
                <entry>
                    <key>1530</key>
                    <value>
                        <dependencyExpressions>
                            <confirmationRequired>false</confirmationRequired>
                            <expression>
<expression>$ID_OSA_BAND.Value == %ID_OSA_BAND_S</expression>
                            </expression>
                        </dependencyExpressions>
                    </value>
                </entry>
                <entry>
                    <key>1460</key>
                    <value>
                        <dependencyExpressions>
                            <confirmationRequired>false</confirmationRequired>
                            <expression>
<expression>$ID_OSA_BAND.Value == %ID_OSA_BAND_E</expression>
                            </expression>
                        </dependencyExpressions>
                    </value>
                </entry>
                <entry>
                    <key>1360</key>
                    <value>
                        <dependencyExpressions>
                            <confirmationRequired>false</confirmationRequired>
                            <expression>
<expression>$ID_OSA_BAND.Value == %ID_OSA_BAND_O</expression>
                            </expression>
                        </dependencyExpressions>
                    </value>
                </entry>
                <entry>
                    <key>$ID_OSA_CENTER_WAVELENGTH_NM.Value  + $ID_OSA_SPAN_WAVELENGTH_NM.Value /2</key>
                    <value>
                        <dependencyExpressions>
                            <confirmationRequired>false</confirmationRequired>
                            <expression>
<expression></expression>
                            </expression>
                        </dependencyExpressions>
                    </value>
                </entry>
                <entry>
                    <key>1625</key>
                    <value>
                        <dependencyExpressions>
                            <confirmationRequired>false</confirmationRequired>
                            <expression>
<expression>$ID_OSA_BAND.Value == %ID_OSA_BAND_L</expression>
                            </expression>
                        </dependencyExpressions>
                    </value>
                </entry>
            </expressions>
            <settingDisabledBehavior>Reject</settingDisabledBehavior>
            <targetElement>Value</targetElement>
        </dependencyExpressionHolders>
    </value>
</entry>
                            </dependencyExpressionHolderMap>
                        </value>
                    </entry>
                </depExpHolderMap>
                <id>ID_OSA_STOP_WAVELENGTH_NM</id>
            </value>
        </entry>
        <entry>
            <key>ID_OSA_BAND</key>
            <value>
                <depExpHolderMap/>
                <id>ID_OSA_BAND</id>
            </value>
        </entry>
    </specs>
</DependencySpecHolder>
