{"enableRelation":{"ID_DISTANCERANGE_20KM":["ID_PULSEWIDTH_20NS","ID_PULSEWIDTH_50NS"],"ID_DISTANCERANGE_100KM":["ID_PULSEWIDTH_500NS","ID_PULSEWIDTH_100NS","ID_OPTION_002"],"ID_PULSEWIDTH_20NS":["ID_DISTANCERANGE_20KM","ID_DISTANCERANGE_10KM"],"ID_DISTANCERANGE_50KM":["ID_PULSEWIDTH_50NS","ID_OPTION_003","ID_PULSEWIDTH_100NS"],"ID_PULSEWIDTH_10NS":["ID_DISTANCERANGE_10KM","ID_DISTANCERANGE_1KM"],"ID_DISTANCERANGE_10KM":["ID_PULSEWIDTH_20NS","ID_PULSEWIDTH_10NS"],"ID_PULSEWIDTH_100NS":["ID_DISTANCERANGE_100KM","ID_DISTANCERANGE_50KM"],"ID_DISTANCERANGE_1KM":["ID_PULSEWIDTH_10NS","ID_PULSEWIDTH_1NS"],"ID_PULSEWIDTH_500NS":["ID_DISTANCERANGE_200KM","ID_DISTANCERANGE_100KM"],"ID_DISTANCERANGE_200KM":["ID_PULSEWIDTH_500NS","ID_OPTION_001"],"ID_PULSEWIDTH_50NS":["ID_DISTANCERANGE_20KM","ID_DISTANCERANGE_50KM"],"ID_PULSEWIDTH_1NS":["ID_DISTANCERANGE_1KM"],"ID_BAND_0S":["ID_START_WAVELENGTH","ID_CENTER_WAVELENGTH","ID_STOP_WAVELENGTH","ID_SPAN_WAVELENGTH"],"ID_START_WAVELENGTH":["ID_BAND_2L","ID_BAND_1C","ID_BAND_0S","ID_BAND_USER"],"ID_CENTER_WAVELENGTH":["ID_BAND_2L","ID_BAND_1C","ID_BAND_0S","ID_BAND_USER"],"ID_STOP_WAVELENGTH":["ID_BAND_2L","ID_BAND_1C","ID_BAND_0S","ID_BAND_USER"],"ID_SPAN_WAVELENGTH":["ID_BAND_2L","ID_BAND_1C","ID_BAND_0S","ID_BAND_USER"],"ID_BAND_1C":["ID_START_WAVELENGTH","ID_CENTER_WAVELENGTH","ID_STOP_WAVELENGTH","ID_SPAN_WAVELENGTH"],"ID_BAND_2L":["ID_START_WAVELENGTH","ID_CENTER_WAVELENGTH","ID_STOP_WAVELENGTH","ID_SPAN_WAVELENGTH"],"ID_BAND_USER":["ID_START_WAVELENGTH","ID_CENTER_WAVELENGTH","ID_STOP_WAVELENGTH","ID_SPAN_WAVELENGTH"],"ID_OPTION_003":["ID_DISTANCERANGE_50KM"],"ID_OPTION_001":["ID_DISTANCERANGE_200KM"],"ID_OPTION_002":["ID_DISTANCERANGE_100KM"],"ID_MODELNAME_P1000A":["ID_APPLICATION_OTDR","ID_APPLICATION_OSCILLO","ID_APPLICATION_OSA","ID_APPLICATION_BERTS","ID_APPLICATION_CONFIG","ID_APPLICATION_TOP"],"ID_APPLICATION_BERTS":["ID_MODELNAME_P1000A"],"ID_APPLICATION_CONFIG":["ID_MODELNAME_P1000A","ID_MODELNAME_P2000B"],"ID_APPLICATION_OSA":["ID_MODELNAME_P1000A","ID_MODELNAME_P2000B"],"ID_APPLICATION_OSCILLO":["ID_MODELNAME_P1000A"],"ID_APPLICATION_OTDR":["ID_MODELNAME_P1000A","ID_MODELNAME_P2000B"],"ID_APPLICATION_TOP":["ID_MODELNAME_P1000A","ID_MODELNAME_P2000B"],"ID_MODELNAME_P2000B":["ID_APPLICATION_OTDR","ID_APPLICATION_OSA","ID_APPLICATION_CONFIG","ID_APPLICATION_TOP"],"ID_BERTS_STATE_IDLE":["ID_START_ACTION"],"ID_START_ACTION":["ID_BERTS_STATE_TESING","ID_BERTS_STATE_IDLE"],"ID_STOP_ACTION":["ID_BERTS_STATE_TESING","ID_BERTS_STATE_PREPARE_TEST","ID_BERTS_STATE_ANALYZING","ID_BERTS_STATE_SAVING_FILE"],"ID_BERTS_STATE_TESING":["ID_START_ACTION","ID_STOP_ACTION"],"ID_BERTS_STATE_PREPARE_TEST":["ID_STOP_ACTION"],"ID_BERTS_STATE_ANALYZING":["ID_STOP_ACTION"],"ID_BERTS_STATE_SAVING_FILE":["ID_STOP_ACTION"]},"priority":{"ID_BAND":5,"ID_OPTION_001":20,"ID_DISTANCERANGE":20,"ID_OPTION_002":20,"ID_OPTION_003":20,"ID_APPLICATION":15,"ID_MODELNAME":60,"ID_WAVELENGTH_UPPERLIMIT":11,"ID_WAVELENGTH_LOWERLIMIT":11,"ID_PPG_FREQUENCY":3,"ID_PPG_MODULATION":3,"ID_PPG_PATTERN":3,"ID_ED_MODULATION":3,"ID_ED_PATTERN":3,"ID_ED_FREQUENCY":3,"ID_CURSOR_A":3,"ID_CURSOR_B":3,"ID_CENTER_WAVELENGTH":5,"ID_SPAN_WAVELENGTH":5,"ID_STOP_WAVELENGTH":5,"ID_START_WAVELENGTH":5,"ID_PULSEWIDTH":15,"ID_CURSOR_A_UP":8,"ID_CURSOR_A_DOWN":8,"ID_CURSOR_B_UP":8,"ID_CURSOR_B_DOWN":8,"ID_BERTS_STATE":3},"relations":{"ID_ED_MODULATION_PAM4":{},"ID_PPG_PATTERN":{"ID_PPG_PATTERN_PRBS15":{"relation":"","condition":""},"ID_ED_PATTERN_PRBS15":{"relation":"","condition":""},"ID_ED_PATTERN_PRBS9":{"relation":"","condition":""},"ID_ED_PATTERN":{"relation":"=","condition":""},"ID_ED_PATTERN_PRBS23":{"relation":"","condition":""}},"ID_ED_MODULATION_CSRZ":{},"ID_PPG_MODULATION_NRZ":{},"ID_ED_MODULATION_NRZ":{},"ID_BAND":{"ID_BAND":{"relation":"","condition":""},"ID_START_WAVELENGTH":{"relation":"ID_BAND_USER:*","condition":""}},"ID_CENTER_WAVELENGTH":{"ID_START_WAVELENGTH":{"relation":"($ID_START_WAVELENGTH+$ID_STOP_WAVELENGTH)/2","condition":""},"ID_STOP_WAVELENGTH":{"relation":"($ID_START_WAVELENGTH+$ID_STOP_WAVELENGTH)/2","condition":""},"ID_BAND_USER":{"relation":"","condition":""}},"ID_ED_MODULATION_RZ":{},"ID_ED_MODULATION":{"ID_ED_MODULATION_PAM4":{"relation":"","condition":""},"ID_ED_MODULATION_RZ":{"relation":"","condition":""},"ID_PPG_MODULATION_PAM4":{"relation":"","condition":""},"ID_ED_MODULATION_CSRZ":{"relation":"","condition":""},"ID_PPG_MODULATION":{"relation":"=","condition":"$ID_ED_SYNC==true"},"ID_PPG_MODULATION_CSRZ":{"relation":"","condition":""},"ID_PPG_MODULATION_NRZ":{"relation":"","condition":""},"ID_PPG_MODULATION_RZ":{"relation":"","condition":""},"ID_ED_MODULATION_NRZ":{"relation":"","condition":""}},"ID_WAVELENGTH_LOWERLIMIT":{"ID_CURSOR_A":{"relation":"<","condition":""},"ID_CURSOR_B":{"relation":"<","condition":""},"ID_START_WAVELENGTH":{"relation":"<<","condition":""},"ID_STOP_WAVELENGTH":{"relation":"<<","condition":""}},"ID_PPG_MODULATION_RZ":{},"ID_CURSOR_A":{"ID_WAVELENGTH_LOWERLIMIT":{"relation":"","condition":""},"ID_CURSOR_B":{"relation":"<","condition":""},"ID_WAVELENGTH_UPPERLIMIT":{"relation":"","condition":""},"ID_START_WAVELENGTH":{"relation":">>","condition":""},"ID_STOP_WAVELENGTH":{"relation":"<<","condition":""},"ID_CURSOR_A_UP":{"relation":"$ID_CURSOR_A+$ID_CURSOR_STEP","condition":""},"ID_CURSOR_A_DOWN":{"relation":"$ID_CURSOR_A-$ID_CURSOR_STEP","condition":""}},"ID_PPG_FREQUENCY":{"ID_ED_FREQUENCY":{"relation":"=","condition":""}},"ID_CURSOR_B":{"ID_WAVELENGTH_UPPERLIMIT":{"relation":"","condition":""},"ID_CURSOR_A":{"relation":">","condition":""},"ID_WAVELENGTH_LOWERLIMIT":{"relation":"","condition":""},"ID_START_WAVELENGTH":{"relation":">>","condition":""},"ID_STOP_WAVELENGTH":{"relation":"<<","condition":""},"ID_CURSOR_B_UP":{"relation":"$ID_CURSOR_B+$ID_CURSOR_STEP","condition":""},"ID_CURSOR_A_DOWN":{"relation":"","condition":""},"ID_CURSOR_B_DOWN":{"relation":"$ID_CURSOR_B-$ID_CURSOR_STEP","condition":""}},"ID_BAND_2L":{},"ID_ED_PATTERN_PRBS9":{},"ID_START_WAVELENGTH":{"ID_BAND_2L":{"relation":"1625","condition":""},"ID_START_WAVELENGTH":{"relation":"","condition":""},"ID_CENTER_WAVELENGTH":{"relation":"$ID_CENTER_WAVELENGTH-$ID_SPAN_WAVELENGTH/2","condition":""},"ID_STOP_WAVELENGTH":{"relation":"","condition":""},"ID_BAND_1C":{"relation":"1530","condition":""},"ID_SPAN_WAVELENGTH":{"relation":"$ID_CENTER_WAVELENGTH-$ID_SPAN_WAVELENGTH/2","condition":""},"ID_BAND_0S":{"relation":"1460","condition":""},"ID_WAVELENGTH_LOWERLIMIT":{"relation":">>","condition":""},"ID_WAVELENGTH_UPPERLIMIT":{"relation":"<<","condition":""},"ID_CURSOR_A":{"relation":"<<","condition":""},"ID_CURSOR_B":{"relation":"<<","condition":""},"ID_CURSOR_A_UP":{"relation":"","condition":""}},"ID_PPG_MODULATION_PAM4":{},"ID_STOP_WAVELENGTH":{"ID_BAND_2L":{"relation":"1675","condition":""},"ID_START_WAVELENGTH":{"relation":"","condition":""},"ID_CENTER_WAVELENGTH":{"relation":"$ID_CENTER_WAVELENGTH+$ID_SPAN_WAVELENGTH/2","condition":""},"ID_BAND_1C":{"relation":"1565","condition":""},"ID_SPAN_WAVELENGTH":{"relation":"$ID_CENTER_WAVELENGTH+$ID_SPAN_WAVELENGTH/2","condition":""},"ID_BAND_0S":{"relation":"1530","condition":""},"ID_WAVELENGTH_LOWERLIMIT":{"relation":">>","condition":""},"ID_WAVELENGTH_UPPERLIMIT":{"relation":"<<","condition":""},"ID_CURSOR_A":{"relation":">>","condition":""},"ID_CURSOR_B":{"relation":">>","condition":""}},"ID_ED_FREQUENCY":{"ID_PPG_MODULATION":{"relation":"","condition":""},"ID_PPG_FREQUENCY":{"relation":"=","condition":"$ID_ED_SYNC==true"}},"ID_SPAN_WAVELENGTH":{"ID_START_WAVELENGTH":{"relation":"$ID_STOP_WAVELENGTH-$ID_START_WAVELENGTH","condition":""},"ID_CENTER_WAVELENGTH":{"relation":"","condition":""},"ID_STOP_WAVELENGTH":{"relation":"$ID_STOP_WAVELENGTH-$ID_START_WAVELENGTH","condition":""}},"ID_BAND_0S":{},"ID_WAVELENGTH_UPPERLIMIT":{"ID_CURSOR_B":{"relation":">","condition":""},"ID_CURSOR_A":{"relation":">","condition":""},"ID_START_WAVELENGTH":{"relation":">>","condition":""},"ID_STOP_WAVELENGTH":{"relation":">>","condition":""}},"ID_PPG_PATTERN_PRBS9":{},"ID_PPG_MODULATION_CSRZ":{},"ID_ED_PATTERN":{"ID_PPG_PATTERN_PRBS15":{"relation":"","condition":""},"ID_ED_PATTERN_PRBS15":{"relation":"","condition":""},"ID_ED_PATTERN_PRBS9":{"relation":"","condition":""},"ID_PPG_PATTERN":{"relation":"=","condition":"$ID_ED_SYNC==true"},"ID_PPG_PATTERN_PRBS9":{"relation":"","condition":""},"ID_PPG_PATTERN_PRBS23":{"relation":"","condition":""},"ID_ED_PATTERN_PRBS23":{"relation":"","condition":""}},"ID_PPG_PATTERN_PRBS23":{},"ID_ED_PATTERN_PRBS23":{},"ID_PPG_PATTERN_PRBS15":{},"ID_ED_PATTERN_PRBS15":{},"ID_BAND_1C":{},"ID_BAND_USER":{},"ID_PPG_MODULATION":{"ID_ED_MODULATION_PAM4":{"relation":"","condition":""},"ID_ED_MODULATION_RZ":{"relation":"","condition":""},"ID_ED_FREQUENCY":{"relation":"","condition":""},"ID_ED_MODULATION":{"relation":"=","condition":""},"ID_ED_MODULATION_CSRZ":{"relation":"","condition":""},"ID_ED_MODULATION_NRZ":{"relation":"","condition":""}},"ID_CURSOR_A_UP":{},"ID_CURSOR_A_DOWN":{},"ID_CURSOR_B_UP":{},"ID_CURSOR_B_DOWN":{},"ID_START_ACTION":{"ID_BERTS_STATE_IDLE":{"relation":"","condition":""},"ID_BERTS_STATE_PREPARE_TEST":{"relation":"","condition":""},"ID_BERTS_TEST_CONTROL_START":{"relation":"Action","condition":""}},"ID_BERTS_STATE_IDLE":{},"ID_BERTS_STATE_PREPARE_TEST":{},"ID_STOP_ACTION":{"ID_BERTS_STATE_IDLE":{"relation":"","condition":""},"ID_BERTS_TEST_CONTROL_STOP":{"relation":"Action","condition":""}},"ID_BERTS_TEST_CONTROL_START":{},"ID_BERTS_TEST_CONTROL_STOP":{}},"userdIds":["ID_APPLICATION_OTDR","ID_BERTS_STATE_TESING","ID_BERTS_STATE_IDLE","ID_DISTANCERANGE_100KM","ID_PULSEWIDTH_10NS","ID_APPLICATION_OSA","ID_CURSOR_A_UP","ID_STOP_ACTION","ID_APPLICATION_BERTS","ID_ED_MODULATION_NRZ","ID_CENTER_WAVELENGTH","ID_START_ACTION","ID_APPLICATION_OSCILLO","ID_ED_MODULATION","ID_PULSEWIDTH_50NS","ID_PPG_MODULATION_RZ","ID_CURSOR_A","ID_PPG_FREQUENCY","ID_CURSOR_B","ID_APPLICATION_CONFIG","ID_START_WAVELENGTH","ID_PULSEWIDTH_20NS","ID_PPG_MODULATION_PAM4","ID_ED_FREQUENCY","ID_SPAN_WAVELENGTH","ID_BAND_0S","ID_PPG_MODULATION_CSRZ","ID_CURSOR_B_UP","ID_PPG_PATTERN_PRBS23","ID_DISTANCERANGE_1KM","ID_ED_PATTERN_PRBS23","ID_APPLICATION_TOP","ID_PULSEWIDTH_500NS","ID_PPG_PATTERN_PRBS15","ID_ED_PATTERN_PRBS15","ID_BERTS_TEST_CONTROL_STOP","ID_BAND_1C","ID_CURSOR_A_DOWN","ID_DISTANCERANGE_20KM","ID_ED_MODULATION_PAM4","ID_PPG_PATTERN","ID_ED_MODULATION_CSRZ","ID_OPTION_003","ID_CURSOR_B_DOWN","ID_PULSEWIDTH_100NS","ID_OPTION_002","ID_PPG_MODULATION_NRZ","ID_OPTION_001","ID_BAND","ID_ED_MODULATION_RZ","ID_BERTS_TEST_CONTROL_START","ID_WAVELENGTH_LOWERLIMIT","ID_PULSEWIDTH_1NS","ID_BERTS_STATE_SAVING_FILE","ID_BAND_2L","ID_ED_PATTERN_PRBS9","ID_MODELNAME_P1000A","ID_DISTANCERANGE_50KM","ID_STOP_WAVELENGTH","ID_DISTANCERANGE_10KM","ID_BERTS_STATE_ANALYZING","ID_WAVELENGTH_UPPERLIMIT","ID_PPG_PATTERN_PRBS9","ID_ED_PATTERN","ID_DISTANCERANGE_200KM","ID_MODELNAME_P2000B","ID_BERTS_STATE_PREPARE_TEST","ID_BAND_USER","ID_PPG_MODULATION"]}
