<?xml version="1.0" encoding="UTF-8" standalone="yes"?>
<DependencySpecHolder>
    <specs>
        <entry>
            <key>ID_DISTANCERANGE</key>
            <value>
                <depExpHolderMap>
                    <entry>
                        <key>Enabled</key>
                        <value>
                            <dependencyExpressionHolderMap>
<entry>
    <key>DefaultItem</key>
    <value>
        <dependencyExpressionHolders>
            <expressions>
                <entry>
                    <key>true</key>
                    <value>
                        <dependencyExpressions>
                            <confirmationRequired>false</confirmationRequired>
                            <expression>
<expression>$ID_OTDR_TEST_MODE.Value==%ID_OTDR_TEST_MODE_MANUAL</expression>
                            </expression>
                        </dependencyExpressions>
                    </value>
                </entry>
                <entry>
                    <key>false</key>
                    <value>
                        <dependencyExpressions>
                            <confirmationRequired>false</confirmationRequired>
                            <expression>
<expression>*else</expression>
                            </expression>
                        </dependencyExpressions>
                    </value>
                </entry>
            </expressions>
            <settingDisabledBehavior>Reject</settingDisabledBehavior>
            <targetElement>Enabled</targetElement>
        </dependencyExpressionHolders>
    </value>
</entry>
                            </dependencyExpressionHolderMap>
                        </value>
                    </entry>
                </depExpHolderMap>
                <id>ID_OTDR_DISTANCERANGE</id>
            </value>
        </entry>
        <entry>
            <key>ID_TEST_MODE</key>
            <value>
                <depExpHolderMap/>
                <id>ID_OTDR_TEST_MODE</id>
            </value>
        </entry>
        <entry>
            <key>ID_AVERAGETIME</key>
            <value>
                <depExpHolderMap>
                    <entry>
                        <key>Enabled</key>
                        <value>
                            <dependencyExpressionHolderMap>
<entry>
    <key>DefaultItem</key>
    <value>
        <dependencyExpressionHolders>
            <expressions>
                <entry>
                    <key>true</key>
                    <value>
                        <dependencyExpressions>
                            <confirmationRequired>false</confirmationRequired>
                            <expression>
<expression>$ID_OTDR_TEST_MODE.Value==%ID_OTDR_TEST_MODE_MANUAL</expression>
                            </expression>
                        </dependencyExpressions>
                    </value>
                </entry>
                <entry>
                    <key>false</key>
                    <value>
                        <dependencyExpressions>
                            <confirmationRequired>false</confirmationRequired>
                            <expression>
<expression>*else</expression>
                            </expression>
                        </dependencyExpressions>
                    </value>
                </entry>
            </expressions>
            <settingDisabledBehavior>Reject</settingDisabledBehavior>
            <targetElement>Enabled</targetElement>
        </dependencyExpressionHolders>
    </value>
</entry>
                            </dependencyExpressionHolderMap>
                        </value>
                    </entry>
                </depExpHolderMap>
                <id>ID_OTDR_AVERAGETIME</id>
            </value>
        </entry>
    </specs>
</DependencySpecHolder>
