{"configs":{"application":{"triggers":["ID_MODELNAME","ID_OPTION_001","ID_OPTION_002","ID_OPTION_003"],"targets":["ID_APPLICATION"]},"distance_pulse":{"triggers":["ID_DISTANCERANGE"],"targets":["ID_PULSEWIDTH"]},"osa_wavelength":{"triggers":["ID_START_WAVELENGTH","ID_STOP_WAVELENGTH","ID_CENTER_WAVELENGTH","ID_SPAN_WAVELENGTH","ID_BAND"],"targets":["ID_BAND","ID_START_WAVELENGTH","ID_STOP_WAVELENGTH","ID_CENTER_WAVELENGTH","ID_SPAN_WAVELENGTH"]},"newspec":{"triggers":["ID_START_WAVELENGTH","ID_STOP_WAVELENGTH","ID_CENTER_WAVELENGTH","ID_SPAN_WAVELENGTH"],"targets":["ID_START_WAVELENGTH","ID_STOP_WAVELENGTH","ID_CENTER_WAVELENGTH","ID_SPAN_WAVELENGTH"]},"otdr_distance_pulse":{"triggers":["ID_DISTANCERANGE"],"targets":["ID_PULSEWIDTH","ID_OPTION_001","ID_OPTION_002","ID_OPTION_003"]},"cursor":{"triggers":["ID_CURSOR_A","ID_CURSOR_B","ID_WAVELENGTH_UPPERLIMIT","ID_WAVELENGTH_LOWERLIMIT"],"targets":["ID_CURSOR_A","ID_CURSOR_B"]}}}
