<?xml version="1.0" encoding="UTF-8" standalone="yes"?>
<propertyHolder>
    <properties>
        <comment></comment>
        <group></group>
        <id>ID_APPLICATION</id>
        <listDetail>
            <id>ID_APPLICATION_OTDR</id>
            <comment></comment>
            <title>OTDR</title>
        </listDetail>
        <listDetail>
            <id>ID_APPLICATION_SQA</id>
            <comment></comment>
            <title>SQA</title>
        </listDetail>
        <others></others>
        <others>OTDR,SQA,</others>
        <others>ID_APPLICATION_OTDR</others>
        <others></others>
        <size>1</size>
        <title>Application</title>
        <type>ListProperty</type>
    </properties>
    <properties>
        <comment></comment>
        <group></group>
        <id>ID_PULSEWIDTH</id>
        <listDetail>
            <id>ID_PULSEWIDTH_1NS</id>
            <comment></comment>
            <title>1ns</title>
        </listDetail>
        <listDetail>
            <id>ID_PULSEWIDTH_10NS</id>
            <comment></comment>
            <title>10ns</title>
        </listDetail>
        <listDetail>
            <id>ID_PULSEWIDTH_20NS</id>
            <comment></comment>
            <title>20ns</title>
        </listDetail>
        <listDetail>
            <id>ID_PULSEWIDTH_50NS</id>
            <comment></comment>
            <title>50ns</title>
        </listDetail>
        <listDetail>
            <id>ID_PULSEWIDTH_100NS</id>
            <comment></comment>
            <title>100ns</title>
        </listDetail>
        <listDetail>
            <id>ID_PULSEWIDTH_500NS</id>
            <comment></comment>
            <title>500ns</title>
        </listDetail>
        <others></others>
        <others>1ns,10ns,20ns,50ns,100ns,500ns,</others>
        <others>ID_PULSEWIDTH_1NS</others>
        <others></others>
        <size>1</size>
        <title>Pulsewidth</title>
        <type>ListProperty</type>
    </properties>
    <properties>
        <comment></comment>
        <group></group>
        <id>ID_DISTANCERANGE</id>
        <listDetail>
            <id>ID_DISTANCERANGE_1KM</id>
            <comment></comment>
            <title>1km</title>
        </listDetail>
        <listDetail>
            <id>ID_DISTANCERANGE_10KM</id>
            <comment></comment>
            <title>10km</title>
        </listDetail>
        <listDetail>
            <id>ID_DISTANCERANGE_20KM</id>
            <comment></comment>
            <title>20km</title>
        </listDetail>
        <listDetail>
            <id>ID_DISTANCERANGE_50KM</id>
            <comment></comment>
            <title>50km</title>
        </listDetail>
        <listDetail>
            <id>ID_DISTANCERANGE_100KM</id>
            <comment></comment>
            <title>100km</title>
        </listDetail>
        <listDetail>
            <id>ID_DISTANCERANGE_200KM</id>
            <comment></comment>
            <title>200km</title>
        </listDetail>
        <others></others>
        <others>1km,10km,20km,50km,100km,200km,</others>
        <others>ID_DISTANCERANGE_10KM</others>
        <others></others>
        <size>1</size>
        <title>Distance Range</title>
        <type>ListProperty</type>
    </properties>
    <properties>
        <comment></comment>
        <group></group>
        <id>ID_TABLE</id>
        <others></others>
        <others></others>
        <others></others>
        <others></others>
        <size>1</size>
        <title>Untitled</title>
        <type>TableProperty</type>
    </properties>
    <properties>
        <comment></comment>
        <group></group>
        <id>ID_TRACE</id>
        <others></others>
        <others></others>
        <others></others>
        <others></others>
        <size>1</size>
        <title>Untitled</title>
        <type>ChartProperty</type>
    </properties>
    <properties>
        <comment></comment>
        <group></group>
        <id>ID_OTDR_TESTCONTROL</id>
        <listDetail>
            <id>ID_OTDR_TESTCONTROL_START</id>
            <comment></comment>
            <title>Start</title>
        </listDetail>
        <listDetail>
            <id>ID_OTDR_TESTCONTROL_STOP</id>
            <comment></comment>
            <title>Stop</title>
        </listDetail>
        <others></others>
        <others>Start,Stop,</others>
        <others>ID_OTDR_TESTCONTROL_STOP</others>
        <others></others>
        <size>1</size>
        <title>Test Control</title>
        <type>ListProperty</type>
    </properties>
    <properties>
        <comment></comment>
        <group></group>
        <id>ID_AVERAGETIME</id>
        <others>s</others>
        <others>1</others>
        <others>0</others>
        <others>9999</others>
        <size>1</size>
        <title>Average Time</title>
        <type>LongProperty</type>
    </properties>
    <properties>
        <comment></comment>
        <group></group>
        <id>ID_OSC_TESTCONTROL</id>
        <listDetail>
            <id>ID_OSC_TESTCONTROL_START</id>
            <comment></comment>
            <title>Start</title>
        </listDetail>
        <listDetail>
            <id>ID_OSC_TESTCONTROL_STOP</id>
            <comment></comment>
            <title>Stop</title>
        </listDetail>
        <others></others>
        <others>Start,Stop,</others>
        <others></others>
        <others></others>
        <size>1</size>
        <title>Test Control</title>
        <type>ListProperty</type>
    </properties>
    <properties>
        <comment></comment>
        <group></group>
        <id>ID_OSC_EYEDIAGRAM</id>
        <others></others>
        <others></others>
        <others></others>
        <others></others>
        <size>1</size>
        <title>Eye Digram</title>
        <type>ImageProperty</type>
    </properties>
    <properties>
        <comment></comment>
        <group></group>
        <id>ID_ERROR</id>
        <listDetail>
            <id>ID_ERROR_NOERROR</id>
            <comment></comment>
            <title>No Error</title>
        </listDetail>
        <listDetail>
            <id>ID_ERROR_HARDWARE</id>
            <comment></comment>
            <title>Hardware Error</title>
        </listDetail>
        <others></others>
        <others>No Error,Hardware Error,</others>
        <others>ID_ERROR_NOERROR</others>
        <others></others>
        <size>1</size>
        <title>Error Status</title>
        <type>ListProperty</type>
    </properties>
    <properties>
        <comment></comment>
        <group></group>
        <id>ID_TEST_MODE</id>
        <listDetail>
            <id>ID_TEST_MODE_AUTO</id>
            <comment></comment>
            <title>Auto</title>
        </listDetail>
        <listDetail>
            <id>ID_TEST_MODE_MANUAL</id>
            <comment></comment>
            <title>Manual</title>
        </listDetail>
        <others></others>
        <others>Auto,Manual,</others>
        <others>ID_TEST_MODE_AUTO</others>
        <others></others>
        <size>1</size>
        <title>Test Mode</title>
        <type>ListProperty</type>
    </properties>
    <properties>
        <comment>実際にアベレージした時間</comment>
        <group></group>
        <id>ID_AVERAGE_RESULT</id>
        <others>s</others>
        <others>0</others>
        <others>0</others>
        <others>9999</others>
        <size>1</size>
        <title>Average Result</title>
        <type>LongProperty</type>
    </properties>
    <properties>
        <comment></comment>
        <group></group>
        <id>ID_COLLECMODE</id>
        <listDetail>
            <id>ID_COLLECMODE_AVERAGE</id>
            <comment></comment>
            <title>Average</title>
        </listDetail>
        <listDetail>
            <id>ID_COLLECMODE_REALTIME</id>
            <comment></comment>
            <title>Realtime</title>
        </listDetail>
        <others></others>
        <others>Average,Realtime,</others>
        <others>ID_COLLECMODE_AVERAGE</others>
        <others></others>
        <size>1</size>
        <title>Collection Mode</title>
        <type>ListProperty</type>
    </properties>
    <types>
        <definitions>
            <entry>
                <key>ListProperty</key>
                <value>
                    <list>unit</list>
                    <list>choices</list>
                    <list>defaultKey</list>
                    <list>persistent</list>
                </value>
            </entry>
            <entry>
                <key>ImageProperty</key>
                <value>
                    <list>persistent</list>
                </value>
            </entry>
            <entry>
                <key>TextProperty</key>
                <value>
                    <list>defaultValue</list>
                    <list>maxLength</list>
                    <list>persistent</list>
                </value>
            </entry>
            <entry>
                <key>BooleanProperty</key>
                <value>
                    <list>defaultValue</list>
                    <list>persistent</list>
                </value>
            </entry>
            <entry>
                <key>LongProperty</key>
                <value>
                    <list>unit</list>
                    <list>defaultValue</list>
                    <list>min</list>
                    <list>max</list>
                    <list>persistent</list>
                </value>
            </entry>
            <entry>
                <key>ChartProperty</key>
                <value/>
            </entry>
            <entry>
                <key>TableProperty</key>
                <value/>
            </entry>
        </definitions>
    </types>
</propertyHolder>
