<?xml version="1.0" encoding="UTF-8" standalone="yes"?>
<propertyHolder>
    <properties>
        <comment></comment>
        <group></group>
        <id>ID_APPLICATION</id>
        <listDetail>
            <id>ID_APPLICATION_OTDR</id>
            <title>OTDR</title>
            <comment></comment>
        </listDetail>
        <listDetail>
            <id>ID_APPLICATION_SQA</id>
            <title>SQA</title>
            <comment></comment>
        </listDetail>
        <others></others>
        <others>OTDR,SQA,</others>
        <others>ID_APPLICATION_OTDR</others>
        <others></others>
        <size>1</size>
        <title>Application</title>
        <type>ListProperty</type>
    </properties>
    <properties>
        <comment></comment>
        <group></group>
        <id>ID_PULSEWIDTH</id>
        <listDetail>
            <id>ID_PULSEWIDTH_1NS</id>
            <title>1ns</title>
            <comment></comment>
        </listDetail>
        <listDetail>
            <id>ID_PULSEWIDTH_10NS</id>
            <title>10ns</title>
            <comment></comment>
        </listDetail>
        <listDetail>
            <id>ID_PULSEWIDTH_20NS</id>
            <title>20ns</title>
            <comment></comment>
        </listDetail>
        <listDetail>
            <id>ID_PULSEWIDTH_50NS</id>
            <title>50ns</title>
            <comment></comment>
        </listDetail>
        <listDetail>
            <id>ID_PULSEWIDTH_100NS</id>
            <title>100ns</title>
            <comment></comment>
        </listDetail>
        <listDetail>
            <id>ID_PULSEWIDTH_500NS</id>
            <title>500ns</title>
            <comment></comment>
        </listDetail>
        <others></others>
        <others>1ns,10ns,20ns,50ns,100ns,500ns,</others>
        <others>ID_PULSEWIDTH_1NS</others>
        <others></others>
        <size>1</size>
        <title>Pulsewidth</title>
        <type>ListProperty</type>
    </properties>
    <properties>
        <comment></comment>
        <group></group>
        <id>ID_DISTANCERANGE</id>
        <listDetail>
            <id>ID_DISTANCERANGE_1KM</id>
            <title>1km</title>
            <comment></comment>
        </listDetail>
        <listDetail>
            <id>ID_DISTANCERANGE_10KM</id>
            <title>10km</title>
            <comment></comment>
        </listDetail>
        <listDetail>
            <id>ID_DISTANCERANGE_20KM</id>
            <title>20km</title>
            <comment></comment>
        </listDetail>
        <listDetail>
            <id>ID_DISTANCERANGE_50KM</id>
            <title>50km</title>
            <comment></comment>
        </listDetail>
        <listDetail>
            <id>ID_DISTANCERANGE_100KM</id>
            <title>100km</title>
            <comment></comment>
        </listDetail>
        <listDetail>
            <id>ID_DISTANCERANGE_200KM</id>
            <title>200km</title>
            <comment></comment>
        </listDetail>
        <others></others>
        <others>1km,10km,20km,50km,100km,200km,</others>
        <others>ID_DISTANCERANGE_10KM</others>
        <others></others>
        <size>1</size>
        <title>Distance Range</title>
        <type>ListProperty</type>
    </properties>
    <properties>
        <comment></comment>
        <group></group>
        <id>ID_TABLE</id>
        <others></others>
        <others></others>
        <others></others>
        <others></others>
        <size>1</size>
        <title>Untitled</title>
        <type>TableProperty</type>
    </properties>
    <properties>
        <comment></comment>
        <group></group>
        <id>ID_TRACE</id>
        <others></others>
        <others></others>
        <others></others>
        <others></others>
        <size>1</size>
        <title></title>
        <type>ChartProperty</type>
    </properties>
    <properties>
        <comment></comment>
        <group></group>
        <id>ID_OTDR_TESTCONTROL</id>
        <listDetail>
            <id>ID_OTDR_TESTCONTROL_START</id>
            <title>Start</title>
            <comment></comment>
        </listDetail>
        <listDetail>
            <id>ID_OTDR_TESTCONTROL_STOP</id>
            <title>Stop</title>
            <comment></comment>
        </listDetail>
        <others></others>
        <others>Start,Stop,</others>
        <others>ID_OTDR_TESTCONTROL_STOP</others>
        <others></others>
        <size>1</size>
        <title>Test Control</title>
        <type>ListProperty</type>
    </properties>
    <properties>
        <comment></comment>
        <group></group>
        <id>ID_AVERAGETIME</id>
        <others>s</others>
        <others>1</others>
        <others>0</others>
        <others>9999</others>
        <size>1</size>
        <title>Average Time</title>
        <type>LongProperty</type>
    </properties>
    <properties>
        <comment></comment>
        <group></group>
        <id>ID_OSC_TESTCONTROL</id>
        <listDetail>
            <id>ID_OSC_TESTCONTROL_START</id>
            <title>Start</title>
            <comment></comment>
        </listDetail>
        <listDetail>
            <id>ID_OSC_TESTCONTROL_STOP</id>
            <title>Stop</title>
            <comment></comment>
        </listDetail>
        <others></others>
        <others>Start,Stop,</others>
        <others></others>
        <others></others>
        <size>1</size>
        <title>Test Control</title>
        <type>ListProperty</type>
    </properties>
    <properties>
        <comment></comment>
        <group></group>
        <id>ID_OSC_EYEDIAGRAM</id>
        <others></others>
        <others></others>
        <others></others>
        <others></others>
        <size>1</size>
        <title>Eye Digram</title>
        <type>ImageProperty</type>
    </properties>
    <properties>
        <comment></comment>
        <group></group>
        <id>ID_ERROR</id>
        <listDetail>
            <id>ID_ERROR_NOERROR</id>
            <title>No Error</title>
            <comment></comment>
        </listDetail>
        <listDetail>
            <id>ID_ERROR_HARDWARE</id>
            <title>Hardware Error</title>
            <comment></comment>
        </listDetail>
        <others></others>
        <others>No Error,Hardware Error,</others>
        <others>ID_ERROR_NOERROR</others>
        <others></others>
        <size>1</size>
        <title>Error Status</title>
        <type>ListProperty</type>
    </properties>
    <properties>
        <comment></comment>
        <group></group>
        <id>ID_TEST_MODE</id>
        <listDetail>
            <id>ID_TEST_MODE_AUTO</id>
            <title>Auto</title>
            <comment></comment>
        </listDetail>
        <listDetail>
            <id>ID_TEST_MODE_MANUAL</id>
            <title>Manual</title>
            <comment></comment>
        </listDetail>
        <others></others>
        <others>Auto,Manual,</others>
        <others>ID_TEST_MODE_AUTO</others>
        <others></others>
        <size>1</size>
        <title>Test Mode</title>
        <type>ListProperty</type>
    </properties>
    <properties>
        <comment>実際にアベレージした時間</comment>
        <group></group>
        <id>ID_AVERAGE_RESULT</id>
        <others>s</others>
        <others>0</others>
        <others>0</others>
        <others>9999</others>
        <size>1</size>
        <title>Average Result</title>
        <type>LongProperty</type>
    </properties>
    <properties>
        <comment></comment>
        <group></group>
        <id>ID_COLLECMODE</id>
        <listDetail>
            <id>ID_COLLECMODE_AVERAGE</id>
            <title>Average</title>
            <comment></comment>
        </listDetail>
        <listDetail>
            <id>ID_COLLECMODE_REALTIME</id>
            <title>Realtime</title>
            <comment></comment>
        </listDetail>
        <others></others>
        <others>Average,Realtime,</others>
        <others>ID_COLLECMODE_AVERAGE</others>
        <others></others>
        <size>1</size>
        <title>Collection Mode</title>
        <type>ListProperty</type>
    </properties>
    <properties>
        <comment></comment>
        <group></group>
        <id>ID_MODELNAME</id>
        <listDetail>
            <id>ID_MODELNAME_P1000A</id>
            <title>P1000A</title>
            <comment></comment>
        </listDetail>
        <listDetail>
            <id>ID_MODELNAME_P2000B</id>
            <title>P2000B</title>
            <comment></comment>
        </listDetail>
        <others></others>
        <others>P1000A,P2000B,</others>
        <others>ID_MODELNAME_P1000A</others>
        <others></others>
        <size>1</size>
        <title>Model Name</title>
        <type>ListProperty</type>
    </properties>
    <properties>
        <comment></comment>
        <group></group>
        <id>ID_OPTION_001</id>
        <others>false</others>
        <others></others>
        <others></others>
        <others></others>
        <size>1</size>
        <title>Option 001</title>
        <type>BooleanProperty</type>
    </properties>
    <properties>
        <comment></comment>
        <group></group>
        <id>ID_OPTION_002</id>
        <others>false</others>
        <others></others>
        <others></others>
        <others></others>
        <size>1</size>
        <title>Option 002</title>
        <type>BooleanProperty</type>
    </properties>
    <properties>
        <comment></comment>
        <group></group>
        <id>ID_OPTION_003</id>
        <others>false</others>
        <others></others>
        <others></others>
        <others></others>
        <size>1</size>
        <title>Option 003</title>
        <type>BooleanProperty</type>
    </properties>
    <properties>
        <comment></comment>
        <group></group>
        <id>ID_LOSS</id>
        <others>dB</others>
        <others></others>
        <others>-100</others>
        <others>100</others>
        <others>3</others>
        <size>1</size>
        <title>Loss</title>
        <type>DoubleProperty</type>
    </properties>
    <properties>
        <comment></comment>
        <group></group>
        <id>ID_1541338882204</id>
        <others></others>
        <others></others>
        <others></others>
        <others></others>
        <size>1</size>
        <title>Untitled</title>
        <type>ListProperty</type>
    </properties>
    <properties>
        <comment></comment>
        <group></group>
        <id>ID_1541338886483</id>
        <others></others>
        <others></others>
        <others></others>
        <others></others>
        <size>1</size>
        <title>Untitled</title>
        <type>ListProperty</type>
    </properties>
</propertyHolder>
