{"properties":{"ID_APPLICATION":{"id":"ID_APPLICATION","type":"List","title":"Application","defaultValue":"","defaultId":"ID_APPLICATION_OTDR","group":"","arraySize":1,"options":{"ID_APPLICATION_BERTS":{"id":"ID_APPLICATION_BERTS","title":"BERTS","comment":""},"ID_APPLICATION_OSA":{"id":"ID_APPLICATION_OSA","title":"Spectrum Analyzer","comment":""},"ID_APPLICATION_OSCILLO":{"id":"ID_APPLICATION_OSCILLO","title":"Oscilloscope","comment":""},"ID_APPLICATION_OTDR":{"id":"ID_APPLICATION_OTDR","title":"OTDR","comment":""}},"min":0.0,"max":0.0,"decimals":0,"maxLength":9999,"unit":"","persistent":true,"comment":"","index":0},"ID_PULSEWIDTH":{"id":"ID_PULSEWIDTH","type":"List","title":"Pulsewidth","defaultValue":"","defaultId":"ID_PULSEWIDTH_1NS","group":"","arraySize":1,"options":{"ID_PULSEWIDTH_1NS":{"id":"ID_PULSEWIDTH_1NS","title":"1ns","comment":""},"ID_PULSEWIDTH_10NS":{"id":"ID_PULSEWIDTH_10NS","title":"10ns","comment":""},"ID_PULSEWIDTH_20NS":{"id":"ID_PULSEWIDTH_20NS","title":"20ns","comment":""},"ID_PULSEWIDTH_50NS":{"id":"ID_PULSEWIDTH_50NS","title":"50ns","comment":""},"ID_PULSEWIDTH_100NS":{"id":"ID_PULSEWIDTH_100NS","title":"100ns","comment":""},"ID_PULSEWIDTH_500NS":{"id":"ID_PULSEWIDTH_500NS","title":"500ns","comment":""}},"min":0.0,"max":0.0,"decimals":0,"maxLength":9999,"unit":"","persistent":true,"comment":"","index":0},"ID_DISTANCERANGE":{"id":"ID_DISTANCERANGE","type":"List","title":"Distance Range","defaultValue":"","defaultId":"ID_DISTANCERANGE_10KM","group":"","arraySize":5,"options":{"ID_DISTANCERANGE_1KM":{"id":"ID_DISTANCERANGE_1KM","title":"1km","comment":""},"ID_DISTANCERANGE_10KM":{"id":"ID_DISTANCERANGE_10KM","title":"10km","comment":""},"ID_DISTANCERANGE_20KM":{"id":"ID_DISTANCERANGE_20KM","title":"20km","comment":""},"ID_DISTANCERANGE_50KM":{"id":"ID_DISTANCERANGE_50KM","title":"50km","comment":""},"ID_DISTANCERANGE_100KM":{"id":"ID_DISTANCERANGE_100KM","title":"100km","comment":""},"ID_DISTANCERANGE_200KM":{"id":"ID_DISTANCERANGE_200KM","title":"200km","comment":""}},"min":0.0,"max":0.0,"decimals":0,"maxLength":9999,"unit":"","persistent":true,"comment":"","index":0},"ID_TABLE":{"id":"ID_TABLE","type":"Table","title":"Untitled","defaultValue":"","defaultId":"","group":"","arraySize":1,"options":{},"min":0.0,"max":0.0,"decimals":0,"maxLength":9999,"unit":"","persistent":true,"comment":"","index":0},"ID_TRACE":{"id":"ID_TRACE","type":"Chart","title":"","defaultValue":"","defaultId":"","group":"","arraySize":1,"options":{},"min":0.0,"max":0.0,"decimals":0,"maxLength":9999,"unit":"","persistent":true,"comment":"","index":0},"ID_OTDR_TESTCONTROL":{"id":"ID_OTDR_TESTCONTROL","type":"List","title":"Test Control","defaultValue":"","defaultId":"ID_OTDR_TESTCONTROL_STOP","group":"","arraySize":1,"options":{"ID_OTDR_TESTCONTROL_START":{"id":"ID_OTDR_TESTCONTROL_START","title":"Start","comment":""},"ID_OTDR_TESTCONTROL_STOP":{"id":"ID_OTDR_TESTCONTROL_STOP","title":"Stop","comment":""}},"min":0.0,"max":0.0,"decimals":0,"maxLength":9999,"unit":"","persistent":true,"comment":"","index":0},"ID_AVERAGETIME":{"id":"ID_AVERAGETIME","type":"Numeric","title":"Average Time","defaultValue":"1","defaultId":"","group":"","arraySize":1,"options":{},"min":0.0,"max":9999.0,"decimals":0,"maxLength":9999,"unit":"s","persistent":true,"comment":"","index":0},"ID_OSC_TESTCONTROL":{"id":"ID_OSC_TESTCONTROL","type":"List","title":"Test Control","defaultValue":"","defaultId":"ID_OSC_TESTCONTROL_STOP","group":"","arraySize":1,"options":{"ID_OSC_TESTCONTROL_START":{"id":"ID_OSC_TESTCONTROL_START","title":"Start","comment":""},"ID_OSC_TESTCONTROL_STOP":{"id":"ID_OSC_TESTCONTROL_STOP","title":"Stop","comment":""}},"min":0.0,"max":0.0,"decimals":0,"maxLength":9999,"unit":"","persistent":true,"comment":"","index":0},"ID_OSC_EYEDIAGRAM":{"id":"ID_OSC_EYEDIAGRAM","type":"Image","title":"Eye Digram","defaultValue":"","defaultId":"","group":"","arraySize":1,"options":{},"min":0.0,"max":0.0,"decimals":0,"maxLength":9999,"unit":"","persistent":true,"comment":"","index":0},"ID_ERROR":{"id":"ID_ERROR","type":"List","title":"Error Status","defaultValue":"","defaultId":"ID_ERROR_NOERROR","group":"","arraySize":1,"options":{"ID_ERROR_NOERROR":{"id":"ID_ERROR_NOERROR","title":"","comment":""},"ID_ERROR_HARDWARE":{"id":"ID_ERROR_HARDWARE","title":"Hardware Error","comment":""}},"min":0.0,"max":0.0,"decimals":0,"maxLength":9999,"unit":"","persistent":true,"comment":"","index":0},"ID_TEST_MODE":{"id":"ID_TEST_MODE","type":"List","title":"Test Mode","defaultValue":"","defaultId":"ID_TEST_MODE_AUTO","group":"","arraySize":1,"options":{"ID_TEST_MODE_AUTO":{"id":"ID_TEST_MODE_AUTO","title":"Auto","comment":""},"ID_TEST_MODE_MANUAL":{"id":"ID_TEST_MODE_MANUAL","title":"Manual","comment":""}},"min":0.0,"max":0.0,"decimals":0,"maxLength":9999,"unit":"","persistent":true,"comment":"","index":0},"ID_COLLECMODE":{"id":"ID_COLLECMODE","type":"List","title":"Collection Mode","defaultValue":"","defaultId":"ID_COLLECMODE_AVERAGE","group":"","arraySize":1,"options":{"ID_COLLECMODE_AVERAGE":{"id":"ID_COLLECMODE_AVERAGE","title":"Average","comment":""},"ID_COLLECMODE_REALTIME":{"id":"ID_COLLECMODE_REALTIME","title":"Realtime","comment":""}},"min":0.0,"max":0.0,"decimals":0,"maxLength":9999,"unit":"","persistent":true,"comment":"","index":0},"ID_MODELNAME":{"id":"ID_MODELNAME","type":"List","title":"Model Name","defaultValue":"","defaultId":"ID_MODELNAME_P1000A","group":"","arraySize":1,"options":{"ID_MODELNAME_P1000A":{"id":"ID_MODELNAME_P1000A","title":"P1000A","comment":""},"ID_MODELNAME_P2000B":{"id":"ID_MODELNAME_P2000B","title":"P2000B","comment":""}},"min":0.0,"max":0.0,"decimals":0,"maxLength":9999,"unit":"","persistent":true,"comment":"","index":0},"ID_OPTION_001":{"id":"ID_OPTION_001","type":"Boolean","title":"Option 001","defaultValue":"true","defaultId":"","group":"","arraySize":1,"options":{},"min":0.0,"max":0.0,"decimals":0,"maxLength":9999,"unit":"","persistent":true,"comment":"","index":0},"ID_OPTION_002":{"id":"ID_OPTION_002","type":"Boolean","title":"Option 002","defaultValue":"true","defaultId":"","group":"","arraySize":1,"options":{},"min":0.0,"max":0.0,"decimals":0,"maxLength":9999,"unit":"","persistent":true,"comment":"","index":0},"ID_OPTION_003":{"id":"ID_OPTION_003","type":"Boolean","title":"Option 003","defaultValue":"true","defaultId":"","group":"","arraySize":1,"options":{},"min":0.0,"max":0.0,"decimals":0,"maxLength":9999,"unit":"","persistent":true,"comment":"","index":0},"ID_LOSS":{"id":"ID_LOSS","type":"Numeric","title":"Loss","defaultValue":"","defaultId":"","group":"","arraySize":1,"options":{},"min":-100.0,"max":100.0,"decimals":2,"maxLength":9999,"unit":"dB","persistent":true,"comment":"","index":0},"ID_FATALERROR":{"id":"ID_FATALERROR","type":"Boolean","title":"Fatal Error","defaultValue":"false","defaultId":"","group":"","arraySize":1,"options":{},"min":0.0,"max":0.0,"decimals":0,"maxLength":9999,"unit":"","persistent":true,"comment":"","index":0},"ID_OSC_TRIGGER":{"id":"ID_OSC_TRIGGER","type":"Numeric","title":"Trigger Position","defaultValue":"0","defaultId":"","group":"","arraySize":1,"options":{},"min":-100.0,"max":100.0,"decimals":0,"maxLength":9999,"unit":"s","persistent":true,"comment":"実際にアベレージした時間","index":0},"ID_AVERAGE_RESULT":{"id":"ID_AVERAGE_RESULT","type":"Numeric","title":"","defaultValue":"0","defaultId":"","group":"","arraySize":1,"options":{},"min":0.0,"max":99999.0,"decimals":0,"maxLength":9999,"unit":"","persistent":true,"comment":"","index":0},"ID_PPG_PATTERN":{"id":"ID_PPG_PATTERN","type":"List","title":"Pattern","defaultValue":"","defaultId":"ID_PPG_PATTERN_PRBS15","group":"","arraySize":1,"options":{"ID_PPG_PATTERN_PRBS15":{"id":"ID_PPG_PATTERN_PRBS15","title":"PRBS15","comment":""},"ID_PPG_PATTERN_PRBS23":{"id":"ID_PPG_PATTERN_PRBS23","title":"PRBS23","comment":""},"ID_PPG_PATTERN_PRBS9":{"id":"ID_PPG_PATTERN_PRBS9","title":"PRBS9","comment":""}},"min":0.0,"max":0.0,"decimals":0,"maxLength":9999,"unit":"","persistent":true,"comment":"","index":0},"ID_ED_PATTERN":{"id":"ID_ED_PATTERN","type":"List","title":"Pattern","defaultValue":"","defaultId":"ID_ED_PATTERN_PRBS15","group":"","arraySize":1,"options":{"ID_ED_PATTERN_PRBS15":{"id":"ID_ED_PATTERN_PRBS15","title":"PRBS15","comment":""},"ID_ED_PATTERN_PRBS23":{"id":"ID_ED_PATTERN_PRBS23","title":"PRBS23","comment":""},"ID_ED_PATTERN_PRBS9":{"id":"ID_ED_PATTERN_PRBS9","title":"PRBS9","comment":""}},"min":0.0,"max":0.0,"decimals":0,"maxLength":9999,"unit":"","persistent":true,"comment":"","index":0},"ID_PPG_FREQUENCY":{"id":"ID_PPG_FREQUENCY","type":"Numeric","title":"Frequency","defaultValue":"10000000","defaultId":"","group":"","arraySize":1,"options":{},"min":0.0,"max":0.0,"decimals":0,"maxLength":9999999,"unit":"Hz","persistent":true,"comment":"","index":0},"ID_PPG_MODULATION":{"id":"ID_PPG_MODULATION","type":"List","title":"Modulation","defaultValue":"","defaultId":"ID_PPG_MODULATION_NRZ","group":"","arraySize":1,"options":{"ID_PPG_MODULATION_CSRZ":{"id":"ID_PPG_MODULATION_CSRZ","title":"CS-RZ","comment":""},"ID_PPG_MODULATION_NRZ":{"id":"ID_PPG_MODULATION_NRZ","title":"NRZ","comment":""},"ID_PPG_MODULATION_PAM4":{"id":"ID_PPG_MODULATION_PAM4","title":"PAM4","comment":""},"ID_PPG_MODULATION_RZ":{"id":"ID_PPG_MODULATION_RZ","title":"RZ","comment":""}},"min":0.0,"max":0.0,"decimals":0,"maxLength":9999,"unit":"","persistent":true,"comment":"","index":0},"ID_ED_FREQUENCY":{"id":"ID_ED_FREQUENCY","type":"Numeric","title":"Frequency","defaultValue":"10000000","defaultId":"","group":"","arraySize":1,"options":{},"min":0.0,"max":0.0,"decimals":0,"maxLength":9999,"unit":"Hz","persistent":true,"comment":"","index":0},"ID_ED_MODULATION":{"id":"ID_ED_MODULATION","type":"List","title":"Modulation","defaultValue":"","defaultId":"ID_ED_MODULATION_NRZ","group":"","arraySize":1,"options":{"ID_ED_MODULATION_CSRZ":{"id":"ID_ED_MODULATION_CSRZ","title":"CS-RZ","comment":""},"ID_ED_MODULATION_NRZ":{"id":"ID_ED_MODULATION_NRZ","title":"NRZ","comment":""},"ID_ED_MODULATION_PAM4":{"id":"ID_ED_MODULATION_PAM4","title":"PAM4","comment":""},"ID_ED_MODULATION_RZ":{"id":"ID_ED_MODULATION_RZ","title":"RZ","comment":""}},"min":0.0,"max":0.0,"decimals":0,"maxLength":9999,"unit":"","persistent":true,"comment":"","index":0},"ID_OTDR_SAMPLINGPOINTS":{"id":"ID_OTDR_SAMPLINGPOINTS","type":"Numeric","title":"Sampling Points","defaultValue":"5001","defaultId":"","group":"","arraySize":1,"options":{},"min":0.0,"max":20001.0,"decimals":0,"maxLength":9999,"unit":"","persistent":true,"comment":"","index":0},"ID_STATUS":{"id":"ID_STATUS","type":"List","title":"","defaultValue":"","defaultId":"ID_STATUS_IDLE","group":"","arraySize":1,"options":{"ID_STATUS_IDLE":{"id":"ID_STATUS_IDLE","title":"Idle","comment":""},"ID_STATUS_PRESETTING":{"id":"ID_STATUS_PRESETTING","title":"Pre Setting","comment":""},"ID_STATUS_TESTING":{"id":"ID_STATUS_TESTING","title":"Testing","comment":""}},"min":0.0,"max":0.0,"decimals":0,"maxLength":9999,"unit":"","persistent":true,"comment":"","index":0}}}
