<?xml version="1.0" encoding="UTF-8" standalone="yes"?>
<propertyHolder>
    <properties>
        <comment></comment>
        <group></group>
        <id>ID_OTDR_TESTCONTROL</id>
        <listDetail>
            <id>ID_OTDR_TESTCONTROL_START</id>
            <comment></comment>
            <title>Start</title>
        </listDetail>
        <listDetail>
            <id>ID_OTDR_TESTCONTROL_STOP</id>
            <comment></comment>
            <title>Stop</title>
        </listDetail>
        <others></others>
        <others>Start,Stop,</others>
        <others>ID_OTDR_TESTCONTROL_STOP</others>
        <others></others>
        <size>1</size>
        <title>Test Control</title>
        <type>ListProperty</type>
    </properties>
    <properties>
        <comment></comment>
        <group></group>
        <id>ID_OTDR_AVERAGE</id>
        <others>s</others>
        <others>1</others>
        <others></others>
        <others></others>
        <size>1</size>
        <title>Average</title>
        <type>LongProperty</type>
    </properties>
    <properties>
        <comment></comment>
        <group></group>
        <id>ID_OTDR_ERROR</id>
        <listDetail>
            <id>ID_OTDR_ERROR_NONE</id>
            <comment></comment>
            <title>None</title>
        </listDetail>
        <listDetail>
            <id>ID_OTDR_ERROR_HARDWARE</id>
            <comment></comment>
            <title>Hardware</title>
        </listDetail>
        <others></others>
        <others>None,Hardware,</others>
        <others></others>
        <others></others>
        <size>1</size>
        <title>Error</title>
        <type>ListProperty</type>
    </properties>
    <properties>
        <comment></comment>
        <group></group>
        <id>ID_OTDR_TRACE</id>
        <others></others>
        <others></others>
        <others></others>
        <others></others>
        <size>1</size>
        <title>Trace</title>
        <type>ChartProperty</type>
    </properties>
    <properties>
        <comment></comment>
        <group></group>
        <id>ID_OTDR_TABLE</id>
        <others></others>
        <others></others>
        <others></others>
        <others></others>
        <size>1</size>
        <title>Table</title>
        <type>TableProperty</type>
    </properties>
    <properties>
        <comment></comment>
        <group></group>
        <id>ID_OTDR_COLLECTION_MODE</id>
        <listDetail>
            <id>ID_OTDR_COLLECTION_MODE_AVERAGE</id>
            <comment></comment>
            <title>Average</title>
        </listDetail>
        <listDetail>
            <id>ID_OTDR_COLLECTION_MODE_REALTIME</id>
            <comment></comment>
            <title>Realtime</title>
        </listDetail>
        <others></others>
        <others>Average,Realtime,</others>
        <others>ID_OTDR_COLLECTION_MODE_AVERAGE</others>
        <others></others>
        <size>1</size>
        <title>Collection Mode</title>
        <type>ListProperty</type>
    </properties>
    <properties>
        <comment></comment>
        <group></group>
        <id>ID_OTDR_AVERAGE_RESULT</id>
        <others></others>
        <others></others>
        <others></others>
        <others></others>
        <size>1</size>
        <title>Average Result</title>
        <type>LongProperty</type>
    </properties>
    <types>
        <definitions>
            <entry>
                <key>ListProperty</key>
                <value>
                    <list>unit</list>
                    <list>choices</list>
                    <list>defaultKey</list>
                    <list>persistent</list>
                </value>
            </entry>
            <entry>
                <key>ImageProperty</key>
                <value>
                    <list>persistent</list>
                </value>
            </entry>
            <entry>
                <key>TextProperty</key>
                <value>
                    <list>defaultValue</list>
                    <list>maxLength</list>
                    <list>persistent</list>
                </value>
            </entry>
            <entry>
                <key>BooleanProperty</key>
                <value>
                    <list>defaultValue</list>
                    <list>persistent</list>
                </value>
            </entry>
            <entry>
                <key>LongProperty</key>
                <value>
                    <list>unit</list>
                    <list>defaultValue</list>
                    <list>min</list>
                    <list>max</list>
                    <list>persistent</list>
                </value>
            </entry>
            <entry>
                <key>ChartProperty</key>
                <value/>
            </entry>
            <entry>
                <key>TableProperty</key>
                <value/>
            </entry>
        </definitions>
    </types>
</propertyHolder>
