{"properties":{"ID_APPLICATION":{"id":"ID_APPLICATION","type":"List","title":"Application","defaultValue":"","defaultId":"ID_APPLICATION_OTDR","group":"","arraySize":1,"options":{"ID_APPLICATION_OTDR":{"id":"ID_APPLICATION_OTDR","title":"OTDR","comment":""},"ID_APPLICATION_SQA":{"id":"ID_APPLICATION_SQA","title":"SQA","comment":""}},"min":0.0,"max":0.0,"decimals":0,"maxLength":9999,"unit":"","persistent":true,"comment":"","index":0},"ID_PULSEWIDTH":{"id":"ID_PULSEWIDTH","type":"List","title":"Pulsewidth","defaultValue":"","defaultId":"ID_PULSEWIDTH_1NS","group":"","arraySize":1,"options":{"ID_PULSEWIDTH_1NS":{"id":"ID_PULSEWIDTH_1NS","title":"1ns","comment":""},"ID_PULSEWIDTH_10NS":{"id":"ID_PULSEWIDTH_10NS","title":"10ns","comment":""},"ID_PULSEWIDTH_20NS":{"id":"ID_PULSEWIDTH_20NS","title":"20ns","comment":""},"ID_PULSEWIDTH_50NS":{"id":"ID_PULSEWIDTH_50NS","title":"50ns","comment":""},"ID_PULSEWIDTH_100NS":{"id":"ID_PULSEWIDTH_100NS","title":"100ns","comment":""},"ID_PULSEWIDTH_500NS":{"id":"ID_PULSEWIDTH_500NS","title":"500ns","comment":""}},"min":0.0,"max":0.0,"decimals":0,"maxLength":9999,"unit":"","persistent":true,"comment":"","index":0},"ID_DISTANCERANGE":{"id":"ID_DISTANCERANGE","type":"List","title":"Distance Range","defaultValue":"","defaultId":"ID_DISTANCERANGE_10KM","group":"","arraySize":1,"options":{"ID_DISTANCERANGE_1KM":{"id":"ID_DISTANCERANGE_1KM","title":"1km","comment":""},"ID_DISTANCERANGE_10KM":{"id":"ID_DISTANCERANGE_10KM","title":"10km","comment":""},"ID_DISTANCERANGE_20KM":{"id":"ID_DISTANCERANGE_20KM","title":"20km","comment":""},"ID_DISTANCERANGE_50KM":{"id":"ID_DISTANCERANGE_50KM","title":"50km","comment":""},"ID_DISTANCERANGE_100KM":{"id":"ID_DISTANCERANGE_100KM","title":"100km","comment":""},"ID_DISTANCERANGE_200KM":{"id":"ID_DISTANCERANGE_200KM","title":"200km","comment":""}},"min":0.0,"max":0.0,"decimals":0,"maxLength":9999,"unit":"","persistent":true,"comment":"","index":0},"ID_TABLE":{"id":"ID_TABLE","type":"Table","title":"Untitled","defaultValue":"","defaultId":"","group":"","arraySize":1,"options":{},"min":0.0,"max":0.0,"decimals":0,"maxLength":9999,"unit":"","persistent":true,"comment":"","index":0},"ID_TRACE":{"id":"ID_TRACE","type":"Chart","title":"","defaultValue":"","defaultId":"","group":"","arraySize":1,"options":{},"min":0.0,"max":0.0,"decimals":0,"maxLength":9999,"unit":"","persistent":true,"comment":"","index":0},"ID_OTDR_TESTCONTROL":{"id":"ID_OTDR_TESTCONTROL","type":"List","title":"Test Control","defaultValue":"","defaultId":"ID_OTDR_TESTCONTROL_STOP","group":"","arraySize":1,"options":{"ID_OTDR_TESTCONTROL_START":{"id":"ID_OTDR_TESTCONTROL_START","title":"Start","comment":""},"ID_OTDR_TESTCONTROL_STOP":{"id":"ID_OTDR_TESTCONTROL_STOP","title":"Stop","comment":""}},"min":0.0,"max":0.0,"decimals":0,"maxLength":9999,"unit":"","persistent":true,"comment":"","index":0},"ID_AVERAGETIME":{"id":"ID_AVERAGETIME","type":"Numeric","title":"Average Time","defaultValue":"","defaultId":"","group":"","arraySize":1,"options":{},"min":0.0,"max":9999.0,"decimals":1,"maxLength":9999,"unit":"s","persistent":true,"comment":"","index":0},"ID_OSC_TESTCONTROL":{"id":"ID_OSC_TESTCONTROL","type":"List","title":"Test Control","defaultValue":"","defaultId":"","group":"","arraySize":1,"options":{"ID_OSC_TESTCONTROL_START":{"id":"ID_OSC_TESTCONTROL_START","title":"Start","comment":""},"ID_OSC_TESTCONTROL_STOP":{"id":"ID_OSC_TESTCONTROL_STOP","title":"Stop","comment":""}},"min":0.0,"max":0.0,"decimals":0,"maxLength":9999,"unit":"","persistent":true,"comment":"","index":0},"ID_OSC_EYEDIAGRAM":{"id":"ID_OSC_EYEDIAGRAM","type":"Image","title":"Eye Digram","defaultValue":"","defaultId":"","group":"","arraySize":1,"options":{},"min":0.0,"max":0.0,"decimals":0,"maxLength":9999,"unit":"","persistent":true,"comment":"","index":0},"ID_ERROR":{"id":"ID_ERROR","type":"List","title":"Error Status","defaultValue":"","defaultId":"ID_ERROR_NOERROR","group":"","arraySize":1,"options":{"ID_ERROR_NOERROR":{"id":"ID_ERROR_NOERROR","title":"No Error","comment":""},"ID_ERROR_HARDWARE":{"id":"ID_ERROR_HARDWARE","title":"Hardware Error","comment":""}},"min":0.0,"max":0.0,"decimals":0,"maxLength":9999,"unit":"","persistent":true,"comment":"","index":0},"ID_TEST_MODE":{"id":"ID_TEST_MODE","type":"List","title":"Test Mode","defaultValue":"","defaultId":"ID_TEST_MODE_AUTO","group":"","arraySize":1,"options":{"ID_TEST_MODE_AUTO":{"id":"ID_TEST_MODE_AUTO","title":"Auto","comment":""},"ID_TEST_MODE_MANUAL":{"id":"ID_TEST_MODE_MANUAL","title":"Manual","comment":""}},"min":0.0,"max":0.0,"decimals":0,"maxLength":9999,"unit":"","persistent":true,"comment":"","index":0},"ID_AVERAGE_RESULT":{"id":"ID_AVERAGE_RESULT","type":"Numeric","title":"Average Result","defaultValue":"","defaultId":"","group":"","arraySize":1,"options":{},"min":0.0,"max":9999.0,"decimals":0,"maxLength":9999,"unit":"s","persistent":true,"comment":"実際にアベレージした時間","index":0},"ID_COLLECMODE":{"id":"ID_COLLECMODE","type":"List","title":"Collection Mode","defaultValue":"","defaultId":"ID_COLLECMODE_AVERAGE","group":"","arraySize":1,"options":{"ID_COLLECMODE_AVERAGE":{"id":"ID_COLLECMODE_AVERAGE","title":"Average","comment":""},"ID_COLLECMODE_REALTIME":{"id":"ID_COLLECMODE_REALTIME","title":"Realtime","comment":""}},"min":0.0,"max":0.0,"decimals":0,"maxLength":9999,"unit":"","persistent":true,"comment":"","index":0},"ID_MODELNAME":{"id":"ID_MODELNAME","type":"List","title":"Model Name","defaultValue":"","defaultId":"ID_MODELNAME_P1000A","group":"","arraySize":1,"options":{"ID_MODELNAME_P1000A":{"id":"ID_MODELNAME_P1000A","title":"P1000A","comment":""},"ID_MODELNAME_P2000B":{"id":"ID_MODELNAME_P2000B","title":"P2000B","comment":""}},"min":0.0,"max":0.0,"decimals":0,"maxLength":9999,"unit":"","persistent":true,"comment":"","index":0},"ID_OPTION_001":{"id":"ID_OPTION_001","type":"Boolean","title":"Option 001","defaultValue":"","defaultId":"","group":"","arraySize":1,"options":{},"min":0.0,"max":0.0,"decimals":0,"maxLength":9999,"unit":"","persistent":true,"comment":"","index":0},"ID_OPTION_002":{"id":"ID_OPTION_002","type":"Boolean","title":"Option 002","defaultValue":"","defaultId":"","group":"","arraySize":1,"options":{},"min":0.0,"max":0.0,"decimals":0,"maxLength":9999,"unit":"","persistent":true,"comment":"","index":0},"ID_OPTION_003":{"id":"ID_OPTION_003","type":"Boolean","title":"Option 003","defaultValue":"","defaultId":"","group":"","arraySize":1,"options":{},"min":0.0,"max":0.0,"decimals":0,"maxLength":9999,"unit":"","persistent":true,"comment":"","index":0},"ID_LOSS":{"id":"ID_LOSS","type":"Numeric","title":"Loss","defaultValue":"","defaultId":"","group":"","arraySize":1,"options":{},"min":-100.0,"max":100.0,"decimals":2,"maxLength":9999,"unit":"dB","persistent":true,"comment":"","index":0},"ID_1541338882204":{"id":"ID_1541338882204","type":"List","title":"Untitled","defaultValue":"","defaultId":"","group":"","arraySize":1,"options":{},"min":0.0,"max":0.0,"decimals":0,"maxLength":9999,"unit":"","persistent":true,"comment":"","index":0},"ID_1541338886483":{"id":"ID_1541338886483","type":"List","title":"Untitled","defaultValue":"","defaultId":"","group":"","arraySize":1,"options":{},"min":0.0,"max":0.0,"decimals":0,"maxLength":9999,"unit":"","persistent":true,"comment":"","index":0}}}
