{"properties":{"ID_APPLICATION":{"id":"ID_APPLICATION","type":"List","title":"Application","defaultValue":"","defaultId":"ID_APPLICATION_TOP","group":"","arraySize":1,"options":{"ID_APPLICATION_BERTS":{"id":"ID_APPLICATION_BERTS","title":"BERTS","comment":""},"ID_APPLICATION_CONFIG":{"id":"ID_APPLICATION_CONFIG","title":"Config","comment":""},"ID_APPLICATION_FILE_MANAGER":{"id":"ID_APPLICATION_FILE_MANAGER","title":"File Manager","comment":""},"ID_APPLICATION_OSA":{"id":"ID_APPLICATION_OSA","title":"Spectrum Analyzer","comment":""},"ID_APPLICATION_OSCILLO":{"id":"ID_APPLICATION_OSCILLO","title":"Oscilloscope","comment":""},"ID_APPLICATION_OTDR":{"id":"ID_APPLICATION_OTDR","title":"OTDR","comment":""},"ID_APPLICATION_TOP":{"id":"ID_APPLICATION_TOP","title":"Top","comment":""}},"min":0.0,"max":0.0,"decimals":0,"maxLength":9999,"unit":"","persistent":true,"comment":""},"ID_PULSEWIDTH":{"id":"ID_PULSEWIDTH","type":"List","title":"Pulsewidth","defaultValue":"","defaultId":"ID_PULSEWIDTH_1NS","group":"","arraySize":1,"options":{"ID_PULSEWIDTH_1NS":{"id":"ID_PULSEWIDTH_1NS","title":"1ns","comment":""},"ID_PULSEWIDTH_10NS":{"id":"ID_PULSEWIDTH_10NS","title":"10ns","comment":""},"ID_PULSEWIDTH_20NS":{"id":"ID_PULSEWIDTH_20NS","title":"20ns","comment":""},"ID_PULSEWIDTH_50NS":{"id":"ID_PULSEWIDTH_50NS","title":"50ns","comment":""},"ID_PULSEWIDTH_100NS":{"id":"ID_PULSEWIDTH_100NS","title":"100ns","comment":""},"ID_PULSEWIDTH_500NS":{"id":"ID_PULSEWIDTH_500NS","title":"500ns","comment":""}},"min":0.0,"max":0.0,"decimals":0,"maxLength":9999,"unit":"","persistent":true,"comment":""},"ID_DISTANCERANGE":{"id":"ID_DISTANCERANGE","type":"List","title":"Distance Range","defaultValue":"","defaultId":"ID_DISTANCERANGE_1KM","group":"","arraySize":1,"options":{"ID_DISTANCERANGE_1KM":{"id":"ID_DISTANCERANGE_1KM","title":"1km","comment":""},"ID_DISTANCERANGE_10KM":{"id":"ID_DISTANCERANGE_10KM","title":"10km","comment":""},"ID_DISTANCERANGE_20KM":{"id":"ID_DISTANCERANGE_20KM","title":"20km","comment":""},"ID_DISTANCERANGE_50KM":{"id":"ID_DISTANCERANGE_50KM","title":"50km","comment":""},"ID_DISTANCERANGE_100KM":{"id":"ID_DISTANCERANGE_100KM","title":"100km","comment":""},"ID_DISTANCERANGE_200KM":{"id":"ID_DISTANCERANGE_200KM","title":"200km","comment":""}},"min":0.0,"max":0.0,"decimals":0,"maxLength":9999,"unit":"","persistent":true,"comment":""},"ID_TABLE":{"id":"ID_TABLE","type":"Table","title":"Untitled","defaultValue":"","defaultId":"","group":"","arraySize":1,"options":{},"min":0.0,"max":0.0,"decimals":0,"maxLength":9999,"unit":"","persistent":true,"comment":""},"ID_TRACE":{"id":"ID_TRACE","type":"Chart","title":"","defaultValue":"","defaultId":"","group":"","arraySize":1,"options":{},"min":0.0,"max":0.0,"decimals":0,"maxLength":9999,"unit":"","persistent":true,"comment":""},"ID_OTDR_TESTCONTROL":{"id":"ID_OTDR_TESTCONTROL","type":"List","title":"Test Control","defaultValue":"","defaultId":"ID_OTDR_TESTCONTROL_STOP","group":"","arraySize":1,"options":{"ID_OTDR_TESTCONTROL_START":{"id":"ID_OTDR_TESTCONTROL_START","title":"Start","comment":""},"ID_OTDR_TESTCONTROL_STOP":{"id":"ID_OTDR_TESTCONTROL_STOP","title":"Stop","comment":""}},"min":0.0,"max":0.0,"decimals":0,"maxLength":9999,"unit":"","persistent":true,"comment":""},"ID_AVERAGETIME":{"id":"ID_AVERAGETIME","type":"Numeric","title":"Average Time","defaultValue":"1","defaultId":"","group":"","arraySize":1,"options":{},"min":0.0,"max":9999.0,"decimals":0,"maxLength":9999,"unit":"s","persistent":true,"comment":""},"ID_OSC_TESTCONTROL":{"id":"ID_OSC_TESTCONTROL","type":"List","title":"Test Control","defaultValue":"","defaultId":"ID_OSC_TESTCONTROL_STOP","group":"","arraySize":1,"options":{"ID_OSC_TESTCONTROL_START":{"id":"ID_OSC_TESTCONTROL_START","title":"Start","comment":""},"ID_OSC_TESTCONTROL_STOP":{"id":"ID_OSC_TESTCONTROL_STOP","title":"Stop","comment":""}},"min":0.0,"max":0.0,"decimals":0,"maxLength":9999,"unit":"","persistent":true,"comment":""},"ID_OSC_EYEDIAGRAM":{"id":"ID_OSC_EYEDIAGRAM","type":"Image","title":"Eye Digram","defaultValue":"","defaultId":"","group":"","arraySize":1,"options":{},"min":0.0,"max":0.0,"decimals":0,"maxLength":9999,"unit":"","persistent":true,"comment":""},"ID_ERROR":{"id":"ID_ERROR","type":"List","title":"Error Status","defaultValue":"","defaultId":"ID_ERROR_NOERROR","group":"","arraySize":1,"options":{"ID_ERROR_NOERROR":{"id":"ID_ERROR_NOERROR","title":"","comment":""},"ID_ERROR_HARDWARE":{"id":"ID_ERROR_HARDWARE","title":"Hardware Error","comment":""}},"min":0.0,"max":0.0,"decimals":0,"maxLength":9999,"unit":"","persistent":true,"comment":""},"ID_TEST_MODE":{"id":"ID_TEST_MODE","type":"List","title":"Test Mode","defaultValue":"","defaultId":"ID_TEST_MODE_AUTO","group":"","arraySize":1,"options":{"ID_TEST_MODE_AUTO":{"id":"ID_TEST_MODE_AUTO","title":"Auto","comment":""},"ID_TEST_MODE_MANUAL":{"id":"ID_TEST_MODE_MANUAL","title":"Manual","comment":""}},"min":0.0,"max":0.0,"decimals":0,"maxLength":9999,"unit":"","persistent":true,"comment":""},"ID_COLLECMODE":{"id":"ID_COLLECMODE","type":"List","title":"Collection","defaultValue":"","defaultId":"ID_COLLECMODE_AVERAGE","group":"","arraySize":1,"options":{"ID_COLLECMODE_AVERAGE":{"id":"ID_COLLECMODE_AVERAGE","title":"Average","comment":""},"ID_COLLECMODE_REALTIME":{"id":"ID_COLLECMODE_REALTIME","title":"Realtime","comment":""}},"min":0.0,"max":0.0,"decimals":0,"maxLength":9999,"unit":"","persistent":true,"comment":""},"ID_MODELNAME":{"id":"ID_MODELNAME","type":"List","title":"Model Name","defaultValue":"","defaultId":"ID_MODELNAME_P1000A","group":"","arraySize":1,"options":{"ID_MODELNAME_P1000A":{"id":"ID_MODELNAME_P1000A","title":"P1000A","comment":""},"ID_MODELNAME_P2000B":{"id":"ID_MODELNAME_P2000B","title":"P2000B","comment":""}},"min":0.0,"max":0.0,"decimals":0,"maxLength":9999,"unit":"","persistent":true,"comment":""},"ID_OPTION_001":{"id":"ID_OPTION_001","type":"Boolean","title":"Option 001","defaultValue":"true","defaultId":"","group":"","arraySize":1,"options":{},"min":0.0,"max":0.0,"decimals":0,"maxLength":9999,"unit":"","persistent":true,"comment":""},"ID_OPTION_002":{"id":"ID_OPTION_002","type":"Boolean","title":"Option 002","defaultValue":"true","defaultId":"","group":"","arraySize":1,"options":{},"min":0.0,"max":0.0,"decimals":0,"maxLength":9999,"unit":"","persistent":true,"comment":""},"ID_OPTION_003":{"id":"ID_OPTION_003","type":"Boolean","title":"Option 003","defaultValue":"true","defaultId":"","group":"","arraySize":1,"options":{},"min":0.0,"max":0.0,"decimals":0,"maxLength":9999,"unit":"","persistent":true,"comment":""},"ID_LOSS":{"id":"ID_LOSS","type":"Numeric","title":"Loss","defaultValue":"0","defaultId":"","group":"","arraySize":1,"options":{},"min":-100.0,"max":100.0,"decimals":2,"maxLength":9999,"unit":"dB","persistent":true,"comment":""},"ID_FATALERROR":{"id":"ID_FATALERROR","type":"Boolean","title":"Fatal Error","defaultValue":"false","defaultId":"","group":"","arraySize":1,"options":{},"min":0.0,"max":0.0,"decimals":0,"maxLength":9999,"unit":"","persistent":true,"comment":""},"ID_OSC_TRIGGER":{"id":"ID_OSC_TRIGGER","type":"Numeric","title":"Trigger Position","defaultValue":"0","defaultId":"","group":"","arraySize":1,"options":{},"min":-100.0,"max":100.0,"decimals":0,"maxLength":9999,"unit":"s","persistent":true,"comment":"実際にアベレージした時間"},"ID_AVERAGE_RESULT":{"id":"ID_AVERAGE_RESULT","type":"Numeric","title":"Averaged","defaultValue":"0","defaultId":"","group":"","arraySize":1,"options":{},"min":0.0,"max":99999.0,"decimals":0,"maxLength":9999,"unit":"","persistent":true,"comment":""},"ID_PPG_PATTERN":{"id":"ID_PPG_PATTERN","type":"List","title":"PPG Pattern","defaultValue":"","defaultId":"ID_PPG_PATTERN_PRBS15","group":"","arraySize":1,"options":{"ID_PPG_PATTERN_PRBS15":{"id":"ID_PPG_PATTERN_PRBS15","title":"PRBS15","comment":""},"ID_PPG_PATTERN_PRBS23":{"id":"ID_PPG_PATTERN_PRBS23","title":"PRBS23","comment":""},"ID_PPG_PATTERN_PRBS9":{"id":"ID_PPG_PATTERN_PRBS9","title":"PRBS9","comment":""}},"min":0.0,"max":0.0,"decimals":0,"maxLength":9999,"unit":"","persistent":true,"comment":""},"ID_ED_PATTERN":{"id":"ID_ED_PATTERN","type":"List","title":"ED Pattern","defaultValue":"","defaultId":"ID_ED_PATTERN_PRBS15","group":"","arraySize":1,"options":{"ID_ED_PATTERN_PRBS15":{"id":"ID_ED_PATTERN_PRBS15","title":"PRBS15","comment":""},"ID_ED_PATTERN_PRBS23":{"id":"ID_ED_PATTERN_PRBS23","title":"PRBS23","comment":""},"ID_ED_PATTERN_PRBS9":{"id":"ID_ED_PATTERN_PRBS9","title":"PRBS9","comment":""}},"min":0.0,"max":0.0,"decimals":0,"maxLength":9999,"unit":"","persistent":true,"comment":""},"ID_PPG_FREQUENCY":{"id":"ID_PPG_FREQUENCY","type":"Numeric","title":"PPG Pattern","defaultValue":"10000000","defaultId":"","group":"","arraySize":1,"options":{},"min":0.0,"max":1.0E16,"decimals":0,"maxLength":9999999,"unit":"Hz","persistent":true,"comment":""},"ID_PPG_MODULATION":{"id":"ID_PPG_MODULATION","type":"List","title":"PPG Modulation","defaultValue":"","defaultId":"ID_PPG_MODULATION_NRZ","group":"","arraySize":1,"options":{"ID_PPG_MODULATION_CSRZ":{"id":"ID_PPG_MODULATION_CSRZ","title":"CS-RZ","comment":""},"ID_PPG_MODULATION_NRZ":{"id":"ID_PPG_MODULATION_NRZ","title":"NRZ","comment":""},"ID_PPG_MODULATION_PAM4":{"id":"ID_PPG_MODULATION_PAM4","title":"PAM4","comment":""},"ID_PPG_MODULATION_RZ":{"id":"ID_PPG_MODULATION_RZ","title":"RZ","comment":""}},"min":0.0,"max":0.0,"decimals":0,"maxLength":9999,"unit":"","persistent":true,"comment":""},"ID_ED_FREQUENCY":{"id":"ID_ED_FREQUENCY","type":"Numeric","title":"ED Frequency","defaultValue":"10000000","defaultId":"","group":"","arraySize":1,"options":{},"min":0.0,"max":1.0E16,"decimals":0,"maxLength":9999,"unit":"Hz","persistent":true,"comment":""},"ID_ED_MODULATION":{"id":"ID_ED_MODULATION","type":"List","title":"ED Modulation","defaultValue":"","defaultId":"ID_ED_MODULATION_NRZ","group":"","arraySize":1,"options":{"ID_ED_MODULATION_CSRZ":{"id":"ID_ED_MODULATION_CSRZ","title":"CS-RZ","comment":""},"ID_ED_MODULATION_NRZ":{"id":"ID_ED_MODULATION_NRZ","title":"NRZ","comment":""},"ID_ED_MODULATION_PAM4":{"id":"ID_ED_MODULATION_PAM4","title":"PAM4","comment":""},"ID_ED_MODULATION_RZ":{"id":"ID_ED_MODULATION_RZ","title":"RZ","comment":""}},"min":0.0,"max":0.0,"decimals":0,"maxLength":9999,"unit":"","persistent":true,"comment":""},"ID_OTDR_SAMPLINGPOINTS":{"id":"ID_OTDR_SAMPLINGPOINTS","type":"Numeric","title":"Sampling Points","defaultValue":"5001","defaultId":"","group":"","arraySize":1,"options":{},"min":0.0,"max":50001.0,"decimals":0,"maxLength":9999,"unit":"","persistent":true,"comment":""},"ID_STATUS":{"id":"ID_STATUS","type":"List","title":"","defaultValue":"","defaultId":"ID_STATUS_IDLE","group":"","arraySize":1,"options":{"ID_STATUS_IDLE":{"id":"ID_STATUS_IDLE","title":"Idle","comment":""},"ID_STATUS_PRESETTING":{"id":"ID_STATUS_PRESETTING","title":"Pre Setting","comment":""},"ID_STATUS_TESTING":{"id":"ID_STATUS_TESTING","title":"Testing","comment":""}},"min":0.0,"max":0.0,"decimals":0,"maxLength":9999,"unit":"","persistent":true,"comment":""},"ID_TRIGGER":{"id":"ID_TRIGGER","type":"List","title":"Trigger","defaultValue":"","defaultId":"ID_TRIGGER_A","group":"","arraySize":1,"options":{"ID_TRIGGER_A":{"id":"ID_TRIGGER_A","title":"A","comment":""},"ID_TRIGGER_B":{"id":"ID_TRIGGER_B","title":"B","comment":""},"ID_TRIGGER_C":{"id":"ID_TRIGGER_C","title":"C","comment":""},"ID_TRIGGER_D":{"id":"ID_TRIGGER_D","title":"D","comment":""}},"min":0.0,"max":0.0,"decimals":0,"maxLength":9999,"unit":"","persistent":true,"comment":""},"ID_TARGET":{"id":"ID_TARGET","type":"List","title":"Target","defaultValue":"","defaultId":"ID_TARGET_A","group":"","arraySize":1,"options":{"ID_TARGET_A":{"id":"ID_TARGET_A","title":"A","comment":""},"ID_TARGET_B":{"id":"ID_TARGET_B","title":"B","comment":""},"ID_TARGET_C":{"id":"ID_TARGET_C","title":"C","comment":""},"ID_TARGET_D":{"id":"ID_TARGET_D","title":"D","comment":""}},"min":0.0,"max":0.0,"decimals":0,"maxLength":9999,"unit":"","persistent":true,"comment":""},"ID_MODE":{"id":"ID_MODE","type":"List","title":"Mode","defaultValue":"","defaultId":"ID_MODE_A","group":"","arraySize":1,"options":{"ID_MODE_A":{"id":"ID_MODE_A","title":"A","comment":""},"ID_MODE_B":{"id":"ID_MODE_B","title":"B","comment":""}},"min":0.0,"max":0.0,"decimals":0,"maxLength":9999,"unit":"","persistent":true,"comment":""},"ID_BAND":{"id":"ID_BAND","type":"List","title":"Band","defaultValue":"","defaultId":"ID_BAND_1C","group":"","arraySize":1,"options":{"ID_BAND_0S":{"id":"ID_BAND_0S","title":"S","comment":""},"ID_BAND_1C":{"id":"ID_BAND_1C","title":"C","comment":""},"ID_BAND_2L":{"id":"ID_BAND_2L","title":"L","comment":""},"ID_BAND_AUTO":{"id":"ID_BAND_AUTO","title":"Auto","comment":""},"ID_BAND_USER":{"id":"ID_BAND_USER","title":"User Defined","comment":""}},"min":0.0,"max":0.0,"decimals":0,"maxLength":9999,"unit":"","persistent":true,"comment":""},"ID_START_WAVELENGTH":{"id":"ID_START_WAVELENGTH","type":"Numeric","title":"Start Wavelength","defaultValue":"1500","defaultId":"","group":"","arraySize":1,"options":{},"min":1200.0,"max":1800.0,"decimals":3,"maxLength":9999,"unit":"nm","persistent":true,"comment":""},"ID_STOP_WAVELENGTH":{"id":"ID_STOP_WAVELENGTH","type":"Numeric","title":"Stop Wavelength","defaultValue":"1600","defaultId":"","group":"","arraySize":1,"options":{},"min":1200.0,"max":1800.0,"decimals":3,"maxLength":9999,"unit":"nm","persistent":true,"comment":""},"ID_PLACE":{"id":"ID_PLACE","type":"List","title":"場所","defaultValue":"","defaultId":"ID_PLACE_HERE","group":"","arraySize":1,"options":{"ID_PLACE_HERE":{"id":"ID_PLACE_HERE","title":"店内","comment":""},"ID_PLACE_TOGO":{"id":"ID_PLACE_TOGO","title":"弁当","comment":""}},"min":0.0,"max":0.0,"decimals":0,"maxLength":9999,"unit":"","persistent":true,"comment":""},"ID_EDSYNC":{"id":"ID_EDSYNC","type":"Boolean","title":"PPG/ED Sync","defaultValue":"true","defaultId":"","group":"","arraySize":1,"options":{},"min":0.0,"max":0.0,"decimals":0,"maxLength":9999,"unit":"","persistent":true,"comment":""},"ID_USERNAME":{"id":"ID_USERNAME","type":"Text","title":"Username","defaultValue":"","defaultId":"","group":"","arraySize":1,"options":{},"min":0.0,"max":0.0,"decimals":0,"maxLength":9999,"unit":"","persistent":true,"comment":""},"ID_PASSWORD":{"id":"ID_PASSWORD","type":"Text","title":"Password","defaultValue":"","defaultId":"","group":"","arraySize":1,"options":{},"min":0.0,"max":0.0,"decimals":0,"maxLength":9999,"unit":"","persistent":true,"comment":""},"ID_LOGIN":{"id":"ID_LOGIN","type":"List","title":"Login","defaultValue":"","defaultId":"ID_LOGIN_LOGOUT","group":"","arraySize":1,"options":{"ID_LOGIN_LOGIN":{"id":"ID_LOGIN_LOGIN","title":"Login","comment":""},"ID_LOGIN_LOGOUT":{"id":"ID_LOGIN_LOGOUT","title":"Logout","comment":""}},"min":0.0,"max":0.0,"decimals":0,"maxLength":9999,"unit":"","persistent":true,"comment":""},"ID_LOGIN_MESSAGE":{"id":"ID_LOGIN_MESSAGE","type":"Text","title":"Login Message","defaultValue":"","defaultId":"","group":"","arraySize":1,"options":{},"min":0.0,"max":0.0,"decimals":0,"maxLength":9999,"unit":"","persistent":true,"comment":""},"ID_SETUPDIALOG":{"id":"ID_SETUPDIALOG","type":"Text","title":"Setup","defaultValue":"","defaultId":"","group":"","arraySize":1,"options":{},"min":0.0,"max":0.0,"decimals":0,"maxLength":9999,"unit":"","persistent":true,"comment":""},"ID_CENTER_WAVELENGTH":{"id":"ID_CENTER_WAVELENGTH","type":"Numeric","title":"Center Wavelength","defaultValue":"1550","defaultId":"","group":"","arraySize":1,"options":{},"min":1200.0,"max":1800.0,"decimals":3,"maxLength":9999,"unit":"nm","persistent":true,"comment":""},"ID_SPAN_WAVELENGTH":{"id":"ID_SPAN_WAVELENGTH","type":"Numeric","title":"Span Wavelength","defaultValue":"100","defaultId":"","group":"","arraySize":1,"options":{},"min":0.0,"max":1000.0,"decimals":3,"maxLength":9999,"unit":"nm","persistent":true,"comment":""},"ID_CURSOR_A":{"id":"ID_CURSOR_A","type":"Numeric","title":"Cursor A","defaultValue":"1500","defaultId":"","group":"","arraySize":1,"options":{},"min":600.0,"max":9999.0,"decimals":3,"maxLength":9999,"unit":"nm","persistent":true,"comment":""},"ID_CURSOR_B":{"id":"ID_CURSOR_B","type":"Numeric","title":"Cursor B","defaultValue":"1600","defaultId":"","group":"","arraySize":1,"options":{},"min":0.0,"max":1800.0,"decimals":3,"maxLength":9999,"unit":"nm","persistent":true,"comment":""},"ID_CURSOR_A_DOWN":{"id":"ID_CURSOR_A_DOWN","type":"Action","title":"Cursor A Down","defaultValue":"","defaultId":"","group":"","arraySize":1,"options":{},"min":0.0,"max":0.0,"decimals":0,"maxLength":9999,"unit":"","persistent":true,"comment":""},"ID_CURSOR_A_UP":{"id":"ID_CURSOR_A_UP","type":"Action","title":"Cursor A Up","defaultValue":"","defaultId":"","group":"","arraySize":1,"options":{},"min":0.0,"max":0.0,"decimals":0,"maxLength":9999,"unit":"","persistent":true,"comment":""},"ID_CURSOR_B_DOWN":{"id":"ID_CURSOR_B_DOWN","type":"Action","title":"Cursor B Down","defaultValue":"","defaultId":"","group":"","arraySize":1,"options":{},"min":0.0,"max":0.0,"decimals":0,"maxLength":9999,"unit":"","persistent":true,"comment":""},"ID_CURSOR_B_UP":{"id":"ID_CURSOR_B_UP","type":"Action","title":"Cursor B Up","defaultValue":"","defaultId":"","group":"","arraySize":1,"options":{},"min":0.0,"max":0.0,"decimals":0,"maxLength":9999,"unit":"","persistent":true,"comment":""},"ID_WAVELENGTH_UPPERLIMIT":{"id":"ID_WAVELENGTH_UPPERLIMIT","type":"Numeric","title":"Upper Limit","defaultValue":"1800","defaultId":"","group":"","arraySize":1,"options":{},"min":0.0,"max":1800.0,"decimals":3,"maxLength":9999,"unit":"nm","persistent":true,"comment":""},"ID_WAVELENGTH_LOWERLIMIT":{"id":"ID_WAVELENGTH_LOWERLIMIT","type":"Numeric","title":"Lower Limit","defaultValue":"600","defaultId":"","group":"","arraySize":1,"options":{},"min":0.0,"max":1800.0,"decimals":3,"maxLength":9999,"unit":"nm","persistent":true,"comment":""},"ID_FILE_SAVE":{"id":"ID_FILE_SAVE","type":"Action","title":"Save","defaultValue":"","defaultId":"","group":"","arraySize":1,"options":{},"min":0.0,"max":0.0,"decimals":0,"maxLength":9999,"unit":"","persistent":true,"comment":""},"ID_FILE_LOAD":{"id":"ID_FILE_LOAD","type":"Action","title":"Load","defaultValue":"","defaultId":"","group":"","arraySize":1,"options":{},"min":0.0,"max":0.0,"decimals":0,"maxLength":9999,"unit":"","persistent":true,"comment":""},"ID_FILE_LIST":{"id":"ID_FILE_LIST","type":"Table","title":"File List","defaultValue":"","defaultId":"","group":"","arraySize":1,"options":{},"min":0.0,"max":0.0,"decimals":0,"maxLength":9999,"unit":"","persistent":false,"comment":""},"ID_FILE_LIST_UPDATE":{"id":"ID_FILE_LIST_UPDATE","type":"Action","title":"Update","defaultValue":"","defaultId":"","group":"","arraySize":1,"options":{},"min":0.0,"max":0.0,"decimals":0,"maxLength":9999,"unit":"","persistent":true,"comment":""},"ID_FILE_FOLDER":{"id":"ID_FILE_FOLDER","type":"Text","title":"Folder","defaultValue":"C:\\workspace","defaultId":"","group":"","arraySize":1,"options":{},"min":0.0,"max":0.0,"decimals":0,"maxLength":9999,"unit":"","persistent":true,"comment":""},"ID_FILE_FILTER":{"id":"ID_FILE_FILTER","type":"List","title":"Filter","defaultValue":"","defaultId":"ID_FILE_FILTER_ALL","group":"","arraySize":1,"options":{"ID_FILE_FILTER_ALL":{"id":"ID_FILE_FILTER_ALL","title":"All (*.*)","comment":""},"ID_FILE_FILTER_DLL":{"id":"ID_FILE_FILTER_DLL","title":"Dynamic Link Libarary (*.dll)","comment":""},"ID_FILE_FILTER_INI":{"id":"ID_FILE_FILTER_INI","title":"Initialization (*.ini)","comment":""},"ID_FILE_FILTER_TXT":{"id":"ID_FILE_FILTER_TXT","title":"Text (*.txt)","comment":""},"ID_FILE_FILTER_XML":{"id":"ID_FILE_FILTER_XML","title":"eXtended Markup Language (*.xml)","comment":""}},"min":0.0,"max":0.0,"decimals":0,"maxLength":9999,"unit":"","persistent":true,"comment":""},"ID_FILE_NAME":{"id":"ID_FILE_NAME","type":"Text","title":"File Name","defaultValue":"","defaultId":"","group":"","arraySize":1,"options":{},"min":0.0,"max":0.0,"decimals":0,"maxLength":9999,"unit":"","persistent":true,"comment":""}}}
