{"root":{"id":"","presentation":"","widgetType":"ROOT","width":"1096","height":"543","top":"146.5","left":"33.36111068725586","layout":"Absolute Layout","fontsize":"12px","children":[{"id":"","presentation":"","widgetType":"PANEL","width":"905","height":"513","top":"1","left":"2","layout":"Absolute Layout","fontsize":"","children":[{"id":"","presentation":"","widgetType":"PANEL","width":"744","height":"385","top":"52","left":"79.00000381469727","layout":"Absolute Layout","fontsize":"","children":[{"id":"","presentation":"","widgetType":"PANEL","width":"134","height":"115","top":"66","left":"598.9861145019531","layout":"Vertical Layout","fontsize":"12px","children":[{"id":"ID_OTDR_TESTCONTROL","presentation":"","widgetType":"CSSBUTTON","width":"","height":"","top":"","left":"","layout":"","fontsize":"12px","children":[],"unique":799562620,"styleClass":"styled","css":null,"index":0,"editable":true,"custom":{}},{"id":"","presentation":"","widgetType":"GUI_DIALOG","width":"","height":"","top":"","left":"","layout":"","fontsize":"","children":[],"unique":627325011,"styleClass":null,"css":null,"index":0,"editable":true,"custom":{"target_gui_id":"setup_pane","caption":"Setup...","id":""}}],"unique":1836673401,"styleClass":" fontBig","css":"background-color,transparent","index":0,"editable":true,"custom":{"opacity":"0.9"}},{"id":"","presentation":"","widgetType":"PANEL","width":"739","height":"59","top":"2","left":"-1","layout":"Flow Layout","fontsize":"","children":[{"id":"ID_PULSEWIDTH","presentation":"","widgetType":"COMBOBOX","width":"82.1528","height":"56.3889","top":"-1","left":"-1","layout":"","fontsize":"","children":[],"unique":1973834407,"styleClass":null,"css":null,"index":0,"editable":true,"custom":{}},{"id":"ID_DISTANCERANGE","presentation":"","widgetType":"COMBOBOX","width":"120","height":"46.3889","top":"-1","left":"85.15277099609375","layout":"","fontsize":"","children":[],"unique":881972605,"styleClass":null,"css":null,"index":0,"editable":true,"custom":{}},{"id":"ID_AVERAGETIME","presentation":"","widgetType":"TEXTFIELD","width":"156.556","height":"42.4306","top":"0","left":"186.15277099609375","layout":"","fontsize":"","children":[],"unique":1749120234,"styleClass":null,"css":null,"index":0,"editable":true,"custom":{}}],"unique":97732006,"styleClass":null,"css":null,"index":0,"editable":true,"custom":{"background-color":"lightgray","opacity":"0.95"}},{"id":"ID_TRACE","presentation":"","widgetType":"CHART_CANVASJS","width":"608","height":"205","top":"60","left":"0","layout":"","fontsize":"","children":[],"unique":2108997562,"styleClass":null,"css":null,"index":0,"editable":true,"custom":{}},{"id":"ID_TABLE","presentation":"","widgetType":"TABLE","width":"481","height":"118","top":"267","left":"1","layout":"","fontsize":"","children":[],"unique":728654695,"styleClass":null,"css":null,"index":0,"editable":true,"custom":{}},{"id":"","presentation":"","widgetType":"PANEL","width":"348","height":"62","top":"-2","left":"381","layout":"Flow Layout","fontsize":"","children":[{"id":"ID_TEST_MODE","presentation":"","widgetType":"RADIOBUTTON","width":"154","height":"53.5","top":"-3","left":"32","layout":"","fontsize":"","children":[],"unique":1818060619,"styleClass":null,"css":null,"index":0,"editable":true,"custom":{}},{"id":"ID_COLLECMODE","presentation":"","widgetType":"RADIOBUTTON","width":"","height":"","top":"8","left":"147.00003051757812","layout":"","fontsize":"","children":[],"unique":1396499603,"styleClass":null,"css":null,"index":0,"editable":true,"custom":{}}],"unique":1793776218,"styleClass":null,"css":null,"index":0,"editable":true,"custom":{}},{"id":"ID_PULSEWIDTH","presentation":"","widgetType":"RADIOBUTTON","width":"229.806","height":"100.5","top":"283","left":"492.7083435058594","layout":"","fontsize":"","children":[],"unique":1365777811,"styleClass":null,"css":"","index":0,"editable":true,"custom":{}}],"unique":761416922,"styleClass":null,"css":null,"index":0,"editable":false,"custom":{"gui_id":"main","background_image":"http://www.qab.co.jp/spice/wp-content/uploads/20160513-111822-1.jpg","background-image":"http://www.qab.co.jp/spice/wp-content/uploads/20160513-111822-1.jpg"}}],"unique":1207551553,"styleClass":null,"css":"background-image,url(\"https://clicccar.com/wp-content/uploads/2017/09/sub8-20170904092632-900x507.jpg\")","index":0,"editable":true,"custom":{"gui_id":""}},{"id":"","presentation":"","widgetType":"PANEL","width":"181","height":"214","top":"6","left":"917.0000343322754","layout":"Vertical Layout","fontsize":"","children":[{"id":"ID_MODELNAME","presentation":"","widgetType":"RADIOBUTTON","width":"","height":"","top":"83.99999237060547","left":"890.0000343322754","layout":"","fontsize":"","children":[],"unique":304900961,"styleClass":null,"css":null,"index":0,"editable":true,"custom":{}},{"id":"ID_OPTION_001","presentation":"","widgetType":"CHECKBOX","width":"146","height":"26.6111","top":"79.11111450195312","left":"2","layout":"","fontsize":"","children":[],"unique":192288503,"styleClass":null,"css":null,"index":0,"editable":true,"custom":{}},{"id":"ID_OPTION_002","presentation":"","widgetType":"CHECKBOX","width":"132","height":"26.6111","top":"","left":"","layout":"","fontsize":"","children":[],"unique":2139426104,"styleClass":null,"css":null,"index":0,"editable":true,"custom":{}},{"id":"ID_OPTION_003","presentation":"","widgetType":"CHECKBOX","width":"","height":"","top":"","left":"","layout":"","fontsize":"","children":[],"unique":2014470421,"styleClass":null,"css":null,"index":0,"editable":true,"custom":{}}],"unique":813690748,"styleClass":null,"css":null,"index":0,"editable":true,"custom":{"gui_id":"setup_pane"}},{"id":"ID_PULSEWIDTH","presentation":"","widgetType":"RADIOBUTTON","width":"","height":"","top":"259","left":"697.0000343322754","layout":"","fontsize":"","children":[],"unique":817803660,"styleClass":null,"css":null,"index":0,"editable":true,"custom":{}}],"unique":599782425,"styleClass":null,"css":null,"index":0,"editable":true,"custom":{"gui_id":""}}}
