{"root":{"id":"","presentation":"","widgetType":"PANEL","width":"1004","height":"543","top":"142.5","left":"33.36111068725586","layout":"Absolute Layout","fontsize":"12px","children":[{"id":"","presentation":"","widgetType":"PANEL","width":"907","height":"513","top":"8","left":"17","layout":"Absolute Layout","fontsize":"","children":[{"id":"","presentation":"","widgetType":"PANEL","width":"744","height":"385","top":"53","left":"77.00000381469727","layout":"Absolute Layout","fontsize":"","children":[{"id":"","presentation":"","widgetType":"PANEL","width":"134","height":"199","top":"65","left":"607.9861145019531","layout":"Vertical Layout","fontsize":"12px","children":[{"id":"ID_OTDR_TESTCONTROL","presentation":"","widgetType":"CSSBUTTON","width":"","height":"","top":"","left":"","layout":"","fontsize":"12px","children":[],"unique":799562620,"styleClass":"styled","css":null,"index":0,"custom":{}},{"id":"ID_TEST_MODE","presentation":"","widgetType":"CSSBUTTON","width":"","height":"","top":"","left":"","layout":"","fontsize":"12px","children":[],"unique":898327134,"styleClass":"styled","css":null,"index":0,"custom":{}},{"id":"ID_COLLECMODE","presentation":"","widgetType":"CSSBUTTON","width":"","height":"","top":"","left":"","layout":"","fontsize":"12px","children":[],"unique":14965376,"styleClass":"styled","css":null,"index":0,"custom":{}}],"unique":1836673401,"styleClass":" fontBig","css":"background-color,transparent","index":0,"custom":{"opacity":"0.9"}},{"id":"","presentation":"","widgetType":"PANEL","width":"739","height":"59","top":"1","left":"1","layout":"Flow Layout","fontsize":"","children":[{"id":"ID_PULSEWIDTH","presentation":"","widgetType":"COMBOBOX","width":"82.1528","height":"49.3889","top":"-1","left":"-1","layout":"","fontsize":"","children":[],"unique":1973834407,"styleClass":null,"css":null,"index":0,"custom":{}},{"id":"ID_DISTANCERANGE","presentation":"","widgetType":"COMBOBOX","width":"120","height":"46.3889","top":"-0.5","left":"278","layout":"","fontsize":"","children":[],"unique":881972605,"styleClass":null,"css":null,"index":0,"custom":{}},{"id":"ID_AVERAGETIME","presentation":"","widgetType":"TEXTFIELD","width":"156.556","height":"42.4306","top":"34","left":"3","layout":"","fontsize":"","children":[],"unique":1749120234,"styleClass":null,"css":null,"index":0,"custom":{}},{"id":"ID_PULSEWIDTH","presentation":"","widgetType":"RADIOBUTTON","width":"","height":"","top":"44.430572509765625","left":"-3","layout":"","fontsize":"","children":[],"unique":1365777811,"styleClass":null,"css":null,"index":0,"custom":{}}],"unique":97732006,"styleClass":null,"css":null,"index":0,"custom":{"background-color":"lightgray","opacity":"0.9"}},{"id":"ID_TABLE","presentation":"","widgetType":"TABLE","width":"424","height":"111","top":"276","left":"319.9861145019531","layout":"","fontsize":"","children":[],"unique":1477074835,"styleClass":null,"css":null,"index":0,"custom":{}},{"id":"ID_TRACE","presentation":"","widgetType":"CHART_CANVASJS","width":"595","height":"205","top":"63","left":"1","layout":"","fontsize":"","children":[],"unique":2108997562,"styleClass":null,"css":null,"index":0,"custom":{}}],"unique":761416922,"styleClass":null,"css":null,"index":0,"custom":{"gui_id":"main","background_image":"http://www.qab.co.jp/spice/wp-content/uploads/20160513-111822-1.jpg","background-image":"http://www.qab.co.jp/spice/wp-content/uploads/20160513-111822-1.jpg"}}],"unique":1207551553,"styleClass":null,"css":"background-image,url(\"https://clicccar.com/wp-content/uploads/2017/09/sub8-20170904092632-900x507.jpg\")","index":0,"custom":{}}],"unique":599782425,"styleClass":null,"css":null,"index":0,"custom":{"gui_id":""}}}
