<?xml version="1.0" encoding="UTF-8" standalone="yes"?>
<layoutHolder>
    <layouts>
        <entry>
            <key>Tranasport</key>
            <value>
                <elements>
                    <description>-width:1000;-height:800;-layout:Absolute;-x-position:-5.0;-y-position:-13.0;</description>
                    <id></id>
                    <layout>
                        <elements>
                            <description>-width:1100;-height:800;-layout:Absolute;-x-position:18.0;-y-position:14.0;</description>
                            <id></id>
                            <layout>
<elements>
    <description>-width:820;-height:490;-layout:Absolute;-x-position:147.0;-y-position:155.0;</description>
    <id></id>
    <layout>
        <elements>
            <description>-width:150;-height:120;-border-title:Transceiver;-x-position:658.0;-y-position:332.0;</description>
            <id></id>
            <layout/>
            <style>-fx-background-color:white;-fx-border-width:1;-fx-border-color:gray;-fx-padding:5;</style>
            <widgetType>Pane</widgetType>
        </elements>
        <elements>
            <description>-height:300;-x-position:702.0;-y-position:10.0;</description>
            <id></id>
            <layout>
                <elements>
                    <description></description>
                    <id>ID_TESTACTION</id>
                    <layout/>
                    <style>-fx-padding:1;</style>
                    <widgetType>One Button</widgetType>
                </elements>
                <elements>
                    <description></description>
                    <id>ID_TESTACTION</id>
                    <layout/>
                    <style>-fx-padding:1;</style>
                    <widgetType>Radio Buttons</widgetType>
                </elements>
            </layout>
            <style>-fx-border-width:1;-fx-border-color:gray;-fx-padding:1;</style>
            <widgetType>Pane</widgetType>
        </elements>
        <elements>
            <description>-width:650;-height:450;-x-position:0;-y-position:35;</description>
            <id></id>
            <layout>
                <elements>
                    <description>-related-id:ID_ACTIVE_TAB;-tabs:Setup,Test,Result;-x-position:210.0;-y-position:240.0;</description>
                    <id></id>
                    <layout>
                        <elements>
                            <description>-x-position:8.0;-y-position:1.0;</description>
                            <id></id>
                            <layout>
<elements>
    <description></description>
    <id></id>
    <layout>
        <elements>
            <description>-layout:Horizontal;-x-position:2.0;-y-position:-2.0;</description>
            <id></id>
            <layout>
                <elements>
                    <description></description>
                    <id>ID_TX</id>
                    <layout/>
                    <style>-fx-padding:1;</style>
                    <widgetType>Toggle Button</widgetType>
                </elements>
                <elements>
                    <description>-x-position:35.0;-y-position:0.0;</description>
                    <id></id>
                    <layout/>
                    <style>-fx-border-width:1;-fx-padding:0;-fx-background-image:url('file:///C:/Projects/git/opentransport/arrow-left-icon.png');</style>
                    <widgetType>Pane</widgetType>
                </elements>
                <elements>
                    <description>-width:400;</description>
                    <id>ID_TX_STACK</id>
                    <layout/>
                    <style>-fx-padding:1;</style>
                    <widgetType>Toggle Button</widgetType>
                </elements>
            </layout>
            <style>-fx-border-width:1;-fx-padding:5;</style>
            <widgetType>Pane</widgetType>
        </elements>
        <elements>
            <description>-layout:Horizontal;</description>
            <id></id>
            <layout>
                <elements>
                    <description></description>
                    <id>ID_RX</id>
                    <layout/>
                    <style>-fx-padding:1;</style>
                    <widgetType>Toggle Button</widgetType>
                </elements>
                <elements>
                    <description></description>
                    <id></id>
                    <layout/>
                    <style>-fx-border-width:1;-fx-padding:0;-fx-background-image:url('file:///C:/Projects/git/opentransport/arrow-right-icon.png');</style>
                    <widgetType>Pane</widgetType>
                </elements>
                <elements>
                    <description>-width:400;</description>
                    <id>ID_RX_STACK</id>
                    <layout/>
                    <style>-fx-padding:1;</style>
                    <widgetType>Toggle Button</widgetType>
                </elements>
            </layout>
            <style>-fx-border-width:1;-fx-padding:5;</style>
            <widgetType>Pane</widgetType>
        </elements>
    </layout>
    <style>-fx-padding:5;-fx-border-width:1; -fx-border-color:lightgray;</style>
    <widgetType>Pane</widgetType>
</elements>
<elements>
    <description></description>
    <id></id>
    <layout>
        <elements>
            <description></description>
            <id>ID_TRANSMITTER</id>
            <layout/>
            <style>-fx-padding:1;</style>
            <widgetType>Toggle Buttons</widgetType>
        </elements>
        <elements>
            <description></description>
            <id>ID_SPEED</id>
            <layout/>
            <style>-fx-padding:1;</style>
            <widgetType>Toggle Buttons</widgetType>
        </elements>
        <elements>
            <description></description>
            <id>ID_TIMING_SOURCE</id>
            <layout/>
            <style>-fx-padding:1;</style>
            <widgetType>Combo Box</widgetType>
        </elements>
    </layout>
    <style>-fx-padding:5;-fx-border-width:1; -fx-border-color:lightgray;</style>
    <widgetType>Pane</widgetType>
</elements>
<elements>
    <description></description>
    <id>ID_ACTIVE_TAB</id>
    <layout/>
    <style>-fx-padding:1;</style>
    <widgetType>Combo Box</widgetType>
</elements>
<elements>
    <description></description>
    <id>ID_ELAPSED_TIME</id>
    <layout/>
    <style>-fx-padding:1;</style>
    <widgetType>Text Box</widgetType>
</elements>
<elements>
    <description></description>
    <id>ID_AVERAGETIME</id>
    <layout/>
    <style>-fx-padding:1;</style>
    <widgetType>Text Box</widgetType>
</elements>
                            </layout>
                            <style>-fx-padding:5;-fx-border-width:1; -fx-border-color:lightgray;</style>
                            <widgetType>Pane</widgetType>
                        </elements>
                        <elements>
                            <description>-layout:Vertical;</description>
                            <id></id>
                            <layout>
<elements>
    <description></description>
    <id>ID_RESULT_ETH_BERT</id>
    <layout/>
    <style>-fx-padding:1;</style>
    <widgetType>Table</widgetType>
</elements>
                            </layout>
                            <style>-fx-border-width:1;-fx-padding:5;</style>
                            <widgetType>Pane</widgetType>
                        </elements>
                        <elements>
                            <description>-x-position:2.0;-y-position:1.0;</description>
                            <id></id>
                            <layout>
<elements>
    <description>-x-position:63.0;-y-position:269.0;</description>
    <id></id>
    <layout>
        <elements>
            <description>-layout:Horizontal;</description>
            <id></id>
            <layout>
                <elements>
                    <description>-width:180;-height:180;</description>
                    <id>ID_TP_PATTERN_ERRORS</id>
                    <layout/>
                    <style>-fx-padding:1;</style>
                    <widgetType>GAUGE</widgetType>
                </elements>
                <elements>
                    <description>-width:180;-height:180;</description>
                    <id>ID_TP_ERROREDFRAMES</id>
                    <layout/>
                    <style>-fx-padding:1;</style>
                    <widgetType>GAUGE</widgetType>
                </elements>
                <elements>
                    <description>-width:180;-height:180;</description>
                    <id>ID_TP_TRANSMITRATE</id>
                    <layout/>
                    <style>-fx-padding:1;</style>
                    <widgetType>GAUGE</widgetType>
                </elements>
            </layout>
            <style>-fx-border-width:1;-fx-padding:5;</style>
            <widgetType>Pane</widgetType>
        </elements>
        <elements>
            <description>-width:300;</description>
            <id>ID_RESULT_ETH_BERT</id>
            <layout/>
            <style>-fx-padding:1;</style>
            <widgetType>Table</widgetType>
        </elements>
    </layout>
    <style>-fx-padding:5;-fx-border-width:1; -fx-border-color:lightgray;</style>
    <widgetType>Pane</widgetType>
</elements>
                            </layout>
                            <style>-fx-padding:5;-fx-border-width:1; -fx-border-color:lightgray;</style>
                            <widgetType>Pane</widgetType>
                        </elements>
                    </layout>
                    <style>-fx-border-width:1;-fx-padding:5;</style>
                    <widgetType>Pane</widgetType>
                </elements>
            </layout>
            <style>-fx-border-width:0;-fx-padding:0;</style>
            <widgetType>Pane</widgetType>
        </elements>
        <elements>
            <description>-title-visible:false;</description>
            <id>ID_PORT</id>
            <layout/>
            <style>-fx-padding:1;</style>
            <widgetType>Toggle Buttons</widgetType>
        </elements>
    </layout>
    <style>-fx-background-color:white;-fx-border-width:1;-fx-border-color:gray;-fx-padding:1;</style>
    <widgetType>Pane</widgetType>
</elements>
                            </layout>
                            <style>-fx-border-width:1;-fx-background-image:url('file:///C:/Projects/git/openosa/nexus-10-tablet-06.jpg');</style>
                            <widgetType>Pane</widgetType>
                        </elements>
                        <elements>
                            <description>-height:170;-x-position:-15.0;-y-position:-14.0;</description>
                            <id></id>
                            <layout>
<elements>
    <description></description>
    <id>ID_PRODUCTNAME</id>
    <layout/>
    <style>-fx-padding:1;</style>
    <widgetType>Toggle Buttons</widgetType>
</elements>
<elements>
    <description></description>
    <id>ID_MODULE</id>
    <layout/>
    <style>-fx-padding:1;</style>
    <widgetType>Toggle Buttons</widgetType>
</elements>
<elements>
    <description></description>
    <id>ID_TECHNOLOGY</id>
    <layout/>
    <style>-fx-padding:1;</style>
    <widgetType>Toggle Buttons</widgetType>
</elements>
<elements>
    <description></description>
    <id>ID_APPLICATION</id>
    <layout/>
    <style>-fx-padding:1;</style>
    <widgetType>Toggle Buttons</widgetType>
</elements>
<elements>
    <description></description>
    <id>ID_ACTIVE_TAB</id>
    <layout/>
    <style>-fx-padding:1;</style>
    <widgetType>Combo Box</widgetType>
</elements>
                            </layout>
                            <style>-fx-border-width:1;-fx-border-color:lightgray;-fx-padding:5;</style>
                            <widgetType>Pane</widgetType>
                        </elements>
                        <elements>
                            <description>-height:120;-x-position:351.0;-y-position:-110.0;</description>
                            <id></id>
                            <layout>
<elements>
    <description></description>
    <id>ID_TOTAL_SUMMARY</id>
    <layout/>
    <style>-fx-padding:1;</style>
    <widgetType>Toggle Buttons</widgetType>
</elements>
<elements>
    <description></description>
    <id>ID_TXRX</id>
    <layout/>
    <style>-fx-padding:1;</style>
    <widgetType>Toggle Buttons</widgetType>
</elements>
                            </layout>
                            <style>-fx-border-width:1;-fx-padding:5;</style>
                            <widgetType>Pane</widgetType>
                        </elements>
                    </layout>
                    <style>-fx-border-width:1;-fx-padding:5;</style>
                    <widgetType>Pane</widgetType>
                </elements>
            </value>
        </entry>
        <entry>
            <key>Samplo</key>
            <value>
                <elements>
                    <description>-width:1100;-height:800;-layout:Absolute;-x-position:7.0;-y-position:0.0;</description>
                    <id></id>
                    <layout>
                        <elements>
                            <description>-width:820;-height:500;-layout:Absolute;-x-position:136.0;-y-position:149.0;</description>
                            <id></id>
                            <layout>
<elements>
    <description>-width:140;-height:400;-x-position:685.0;-y-position:8.0;</description>
    <id></id>
    <layout>
        <elements>
            <description></description>
            <id></id>
            <layout>
                <elements>
                    <description>-width:130;</description>
                    <id>ID_OSCILO_TEST</id>
                    <layout/>
                    <style>-fx-font-size:20;-fx-font-weight:bold;-fx-padding:6;</style>
                    <widgetType>One Button</widgetType>
                </elements>
            </layout>
            <style>-fx-border-width:1;-fx-padding:0;</style>
            <widgetType>Pane</widgetType>
        </elements>
        <elements>
            <description>-width:100;-height:300;-x-position:33.0;-y-position:70.0;</description>
            <id></id>
            <layout>
                <elements>
                    <description>-title-style:Vertical;</description>
                    <id>ID_ELAPSED_TIME</id>
                    <layout/>
                    <style>-fx-padding:1;</style>
                    <widgetType>Static Label</widgetType>
                </elements>
                <elements>
                    <description>-layout:Vertical;-title-style:Vertical;</description>
                    <id>ID_RESULT_TR</id>
                    <layout/>
                    <style>-fx-padding:1;</style>
                    <widgetType>Static Label</widgetType>
                </elements>
                <elements>
                    <description>-title-style:Vertical;</description>
                    <id>ID_RESULT_TF</id>
                    <layout/>
                    <style>-fx-padding:1;</style>
                    <widgetType>Static Label</widgetType>
                </elements>
                <elements>
                    <description>-title-style:Vertical;</description>
                    <id>ID_RESULT_JITTER</id>
                    <layout/>
                    <style>-fx-padding:1;</style>
                    <widgetType>Static Label</widgetType>
                </elements>
                <elements>
                    <description>-width:40;-title-style:Vertical;</description>
                    <id>ID_MASK_TYPE</id>
                    <layout/>
                    <style>-fx-padding:1;</style>
                    <widgetType>Combo Box</widgetType>
                </elements>
                <elements>
                    <description>-title-style:Vertical;</description>
                    <id>ID_OSC_STATE</id>
                    <layout/>
                    <style>-fx-padding:1;</style>
                    <widgetType>Static Label</widgetType>
                </elements>
            </layout>
            <style>-fx-background-color:white;-fx-border-width:1;-fx-padding:5;</style>
            <widgetType>Pane</widgetType>
        </elements>
    </layout>
    <style>-fx-border-width:1;-fx-padding:0;</style>
    <widgetType>Pane</widgetType>
</elements>
<elements>
    <description>-width:820;-height:60;-layout:Horizontal;-x-position:1.0;-y-position:403.0;</description>
    <id></id>
    <layout>
        <elements>
            <description>-height:50;</description>
            <id>ID_SAMPLING_TRIGGER</id>
            <layout/>
            <style>-fx-padding:1;</style>
            <widgetType>Slider</widgetType>
        </elements>
        <elements>
            <description></description>
            <id>ID_SAMPLING_TRIGGER</id>
            <layout/>
            <style>-fx-padding:1;</style>
            <widgetType>Text Box</widgetType>
        </elements>
        <elements>
            <description>-width:100;-title-style:Vertical;</description>
            <id>ID_OSC_DURATION</id>
            <layout/>
            <style>-fx-padding:1;</style>
            <widgetType>Text Box</widgetType>
        </elements>
    </layout>
    <style>-fx-background-color:lightgray;-fx-border-width:1;-fx-padding:5;</style>
    <widgetType>Pane</widgetType>
</elements>
<elements>
    <description>-width:500;-height:350;-x-position:197.0;-y-position:12.0;</description>
    <id></id>
    <layout>
        <elements>
            <description>-x-position:100;-y-position:100;</description>
            <id>ID_EYEDIAGRAM</id>
            <layout/>
            <style>-fx-padding:1;</style>
            <widgetType>Image</widgetType>
        </elements>
    </layout>
    <style>-fx-border-width:1;-fx-padding:1;</style>
    <widgetType>Pane</widgetType>
</elements>
                            </layout>
                            <style>-fx-border-width:1;-fx-padding:0;</style>
                            <widgetType>Pane</widgetType>
                        </elements>
                        <elements>
                            <description>-height:400;-x-position:101.0;-y-position:139.0;</description>
                            <id></id>
                            <layout>
<elements>
    <description>-x-position:416.0;-y-position:20.0;</description>
    <id></id>
    <layout>
        <elements>
            <description>-height:300;-tabs:PPG,ED;-x-position:48.0;-y-position:20.0;</description>
            <id></id>
            <layout>
                <elements>
                    <description>-layout:Vertical;-x-position:-2.0;-y-position:-12.0;</description>
                    <id></id>
                    <layout>
                        <elements>
                            <description></description>
                            <id>ID_PPG_START</id>
                            <layout/>
                            <style>-fx-font-size:20;-fx-font-weight:bold;-fx-padding:1;</style>
                            <widgetType>One Button</widgetType>
                        </elements>
                        <elements>
                            <description>-title-style:Vertical;</description>
                            <id>ID_PPG_BITRATE</id>
                            <layout/>
                            <style>-fx-padding:1;</style>
                            <widgetType>Text Box</widgetType>
                        </elements>
                        <elements>
                            <description>-title-style:Vertical;</description>
                            <id>ID_PPG_PATTERN</id>
                            <layout/>
                            <style>-fx-padding:1;</style>
                            <widgetType>Combo Box</widgetType>
                        </elements>
                        <elements>
                            <description>-title-style:Vertical;</description>
                            <id>ID_PPG_AMPLITUDE</id>
                            <layout/>
                            <style>-fx-padding:1;</style>
                            <widgetType>Text Box</widgetType>
                        </elements>
                        <elements>
                            <description>-title-style:Vertical;</description>
                            <id>ID_PPG_CROSSPOINT</id>
                            <layout/>
                            <style>-fx-padding:1;</style>
                            <widgetType>Text Box</widgetType>
                        </elements>
                        <elements>
                            <description>-title-style:Vertical;</description>
                            <id>ID_PPG_DATALENGTH</id>
                            <layout/>
                            <style>-fx-padding:1;</style>
                            <widgetType>Text Box</widgetType>
                        </elements>
                    </layout>
                    <style>-fx-border-width:1;-fx-padding:5;</style>
                    <widgetType>Pane</widgetType>
                </elements>
                <elements>
                    <description>-x-position:0.0;-y-position:264.0;</description>
                    <id></id>
                    <layout>
                        <elements>
                            <description></description>
                            <id>ID_ED_START</id>
                            <layout/>
                            <style>-fx-font-size:20;-fx-font-weight:bold;-fx-padding:1;</style>
                            <widgetType>One Button</widgetType>
                        </elements>
                        <elements>
                            <description></description>
                            <id>ID_ED_RESULT_BER</id>
                            <layout/>
                            <style>-fx-font-size:20;-fx-font-weight:bold;-fx-border-color:black;-fx-padding:1;</style>
                            <widgetType>Static Label</widgetType>
                        </elements>
                        <elements>
                            <description>-title-style:Vertical;</description>
                            <id>ID_ED_BITRATE</id>
                            <layout/>
                            <style>-fx-padding:1;</style>
                            <widgetType>Text Box</widgetType>
                        </elements>
                        <elements>
                            <description>-title-style:Vertical;</description>
                            <id>ID_ED_PATTERN</id>
                            <layout/>
                            <style>-fx-padding:1;</style>
                            <widgetType>Combo Box</widgetType>
                        </elements>
                        <elements>
                            <description>-title-style:Vertical;</description>
                            <id>ID_ED_DATALENGTH</id>
                            <layout/>
                            <style>-fx-padding:1;</style>
                            <widgetType>Text Box</widgetType>
                        </elements>
                    </layout>
                    <style>-fx-padding:5;-fx-border-width:1; -fx-border-color:lightgray;</style>
                    <widgetType>Pane</widgetType>
                </elements>
            </layout>
            <style>-fx-background-color:lightgray;-fx-border-width:1;-fx-padding:4;</style>
            <widgetType>Pane</widgetType>
        </elements>
    </layout>
    <style>-fx-border-width:1;-fx-padding:5;</style>
    <widgetType>Pane</widgetType>
</elements>
                            </layout>
                            <style>-fx-border-width:0;-fx-padding:0;</style>
                            <widgetType>Pane</widgetType>
                        </elements>
                    </layout>
                    <style>-fx-border-width:1;-fx-padding:0;-fx-background-image:url('file:///C:/Projects/git/openosa/nexus-10-tablet-06.jpg');</style>
                    <widgetType>Pane</widgetType>
                </elements>
            </value>
        </entry>
        <entry>
            <key>Inspection</key>
            <value>
                <elements>
                    <description>;-layout:Flow;-width:1000</description>
                    <id></id>
                    <layout>
                        <elements>
                            <description>-width:1000</description>
                            <id>ID_OSA_INSPECTION_CONTROL_ENABLE</id>
                            <layout/>
                            <style>-fx-font-size:40</style>
                            <widgetType>Check Box</widgetType>
                        </elements>
                        <elements>
                            <description></description>
                            <id>ID_OSA_INSPECTION_LEVELCAL_ENABLE</id>
                            <layout/>
                            <style></style>
                            <widgetType>Check Box</widgetType>
                        </elements>
                        <elements>
                            <description></description>
                            <id>ID_OSA_INSPECTION_WLCAL_ENABLE</id>
                            <layout/>
                            <style></style>
                            <widgetType>Check Box</widgetType>
                        </elements>
                        <elements>
                            <description></description>
                            <id>ID_OSA_INSPECTION_OFFSET_ENABLE</id>
                            <layout/>
                            <style></style>
                            <widgetType>Check Box</widgetType>
                        </elements>
                        <elements>
                            <description></description>
                            <id>ID_OSA_INSPECTION_WLCAL_EXECUTE</id>
                            <layout/>
                            <style>-fx-padding:1;</style>
                            <widgetType>Button</widgetType>
                        </elements>
                        <elements>
                            <description></description>
                            <id>ID_OSA_INSPECTION_AUTO_RANGE_ENABLE</id>
                            <layout/>
                            <style></style>
                            <widgetType>Check Box</widgetType>
                        </elements>
                        <elements>
                            <description></description>
                            <id>ID_OSA_INSPECTION_MOTOR_CONTROL_ENABLE</id>
                            <layout/>
                            <style></style>
                            <widgetType>Check Box</widgetType>
                        </elements>
                        <elements>
                            <description></description>
                            <id>ID_OSA_INSPECTION_LIGHTSOURCE_ENABLE</id>
                            <layout/>
                            <style></style>
                            <widgetType>Check Box</widgetType>
                        </elements>
                        <elements>
                            <description></description>
                            <id>ID_OSA_INSPECTION_OPTSWITCH_ENABLE</id>
                            <layout/>
                            <style></style>
                            <widgetType>Check Box</widgetType>
                        </elements>
                        <elements>
                            <description></description>
                            <id>ID_OSA_INSPECTION_POLALIZATION_ENABLE</id>
                            <layout/>
                            <style></style>
                            <widgetType>Check Box</widgetType>
                        </elements>
                        <elements>
                            <description></description>
                            <id>ID_OSA_INSPECTION_DETECTERROR_ENABLE</id>
                            <layout/>
                            <style></style>
                            <widgetType>Check Box</widgetType>
                        </elements>
                        <elements>
                            <description></description>
                            <id>ID_OSA_INSPECTION_WLCAL_LEVELCAL_EXECUTE</id>
                            <layout/>
                            <style></style>
                            <widgetType>Button</widgetType>
                        </elements>
                        <elements>
                            <description></description>
                            <id>ID_OSA_INSPECTION_CAL_COMPLETE</id>
                            <layout/>
                            <style></style>
                            <widgetType>Button</widgetType>
                        </elements>
                        <elements>
                            <description></description>
                            <id>ID_OSA_INSPECTION_OFFSET_EXECUTE</id>
                            <layout/>
                            <style></style>
                            <widgetType>Button</widgetType>
                        </elements>
                        <elements>
                            <description></description>
                            <id>ID_OSA_INSPECTION_MOTOR_INITIALIZE_EXECUTE</id>
                            <layout/>
                            <style></style>
                            <widgetType>Button</widgetType>
                        </elements>
                        <elements>
                            <description></description>
                            <id>ID_OSA_INSPECTION_MOTOR_ZEROSET_EXECUTE</id>
                            <layout/>
                            <style></style>
                            <widgetType>Button</widgetType>
                        </elements>
                        <elements>
                            <description></description>
                            <id>ID_OSA_INSPECTION_MOTOR_SET_POSITION</id>
                            <layout/>
                            <style></style>
                            <widgetType>Text Box</widgetType>
                        </elements>
                        <elements>
                            <description></description>
                            <id>ID_OSA_INSPECTION_MOTOR_MOVE_POSITION_EXECUTE</id>
                            <layout/>
                            <style></style>
                            <widgetType>Button</widgetType>
                        </elements>
                        <elements>
                            <description></description>
                            <id>ID_OSA_INSPECTION_MOTOR_MOVE_REL_POSITION_EXECUTE</id>
                            <layout/>
                            <style></style>
                            <widgetType>Button</widgetType>
                        </elements>
                        <elements>
                            <description></description>
                            <id>ID_OSA_INSPECTION_MOTOR_SET_WAVELENGTH</id>
                            <layout/>
                            <style></style>
                            <widgetType>Text Box</widgetType>
                        </elements>
                        <elements>
                            <description></description>
                            <id>ID_OSA_INSPECTION_MOTOR_MOVE_WAVELENGTH_EXECUTE</id>
                            <layout/>
                            <style></style>
                            <widgetType>Button</widgetType>
                        </elements>
                        <elements>
                            <description></description>
                            <id>ID_OSA_INSPECTION_MOTOR_MOVE_START_WAVELENGTH_EXECUTE</id>
                            <layout/>
                            <style></style>
                            <widgetType>Button</widgetType>
                        </elements>
                        <elements>
                            <description></description>
                            <id>ID_OSA_INSPECTION_MOTOR_MOVE_STOP_WAVELENGTH_EXECUTE</id>
                            <layout/>
                            <style></style>
                            <widgetType>Button</widgetType>
                        </elements>
                        <elements>
                            <description></description>
                            <id>ID_OSA_INSPECTION_MOTOR_GET_POSITION_EXECUTE</id>
                            <layout/>
                            <style></style>
                            <widgetType>Button</widgetType>
                        </elements>
                        <elements>
                            <description></description>
                            <id>ID_OSA_INSPECTION_MOTOR_ENCODER_POSITION</id>
                            <layout/>
                            <style></style>
                            <widgetType>Text Box</widgetType>
                        </elements>
                        <elements>
                            <description></description>
                            <id>ID_OSA_INSPECTION_MOTOR_GET_ZEROPOSITION_EXECUTE</id>
                            <layout/>
                            <style></style>
                            <widgetType>Button</widgetType>
                        </elements>
                        <elements>
                            <description></description>
                            <id>ID_OSA_INSPECTION_MOTOR_ZERO_POSITION</id>
                            <layout/>
                            <style></style>
                            <widgetType>Text Box</widgetType>
                        </elements>
                        <elements>
                            <description></description>
                            <id>ID_OSA_INSPECTION_MOTOR_EMERGENCY_ENABLE</id>
                            <layout/>
                            <style></style>
                            <widgetType>Check Box</widgetType>
                        </elements>
                        <elements>
                            <description></description>
                            <id>ID_OSA_INSPECTION_POLARIZATION</id>
                            <layout/>
                            <style></style>
                            <widgetType>Combo Box</widgetType>
                        </elements>
                        <elements>
                            <description></description>
                            <id>ID_OSA_INSPECTION_POLARIZATION_SET_EXECUTE</id>
                            <layout/>
                            <style></style>
                            <widgetType>Button</widgetType>
                        </elements>
                        <elements>
                            <description></description>
                            <id>ID_OSA_INSPECTION_OPTSWITCH</id>
                            <layout/>
                            <style></style>
                            <widgetType>Radio Buttons</widgetType>
                        </elements>
                        <elements>
                            <description></description>
                            <id>ID_OSA_INSPECTION_OPTSWITCH_SET_EXECUTE</id>
                            <layout/>
                            <style></style>
                            <widgetType>Button</widgetType>
                        </elements>
                        <elements>
                            <description></description>
                            <id>ID_OSA_INSPECTION_LIGHTSOURCE</id>
                            <layout/>
                            <style></style>
                            <widgetType>Toggle Buttons</widgetType>
                        </elements>
                        <elements>
                            <description></description>
                            <id>ID_OSA_INSPECTION_LIGHTSOURCE_TYPE</id>
                            <layout/>
                            <style></style>
                            <widgetType>Function Key</widgetType>
                        </elements>
                        <elements>
                            <description></description>
                            <id>ID_OSA_INSPECTION_LIGTHSOURCE_SET_EXECUTE</id>
                            <layout/>
                            <style>-fx-graphic:url('file:c:///Project/workspace/icons/icon_112720_16.png');</style>
                            <widgetType>Button</widgetType>
                        </elements>
                        <elements>
                            <description></description>
                            <id>ID_OSA_INSPECTION_LIGTHSOURCE_GET_POWER_EXECUTE</id>
                            <layout/>
                            <style></style>
                            <widgetType>Button</widgetType>
                        </elements>
                        <elements>
                            <description></description>
                            <id>ID_OSA_INSPECTION_LIGTHSOURCE_POWER</id>
                            <layout/>
                            <style></style>
                            <widgetType>Text Box</widgetType>
                        </elements>
                        <elements>
                            <description></description>
                            <id>ID_OSA_INSPECTION_LIGTHSOURCE_GET_TEMPERATURE_EXECUTE</id>
                            <layout/>
                            <style></style>
                            <widgetType>Button</widgetType>
                        </elements>
                        <elements>
                            <description></description>
                            <id>ID_OSA_INSPECTION_LIGTHSOURCE_TEMPERATURE</id>
                            <layout/>
                            <style></style>
                            <widgetType>Text Box</widgetType>
                        </elements>
                        <elements>
                            <description></description>
                            <id>ID_OSA_INSPECTION_RANGE_CODE</id>
                            <layout/>
                            <style></style>
                            <widgetType>Text Box</widgetType>
                        </elements>
                        <elements>
                            <description></description>
                            <id>ID_OSA_INSPECTION_RANGE_SET_EXECUTE</id>
                            <layout/>
                            <style></style>
                            <widgetType>Button</widgetType>
                        </elements>
                        <elements>
                            <description></description>
                            <id>ID_OSA_INSPECTION_EEPROM_WRITE_EXECUTE</id>
                            <layout/>
                            <style></style>
                            <widgetType>Button</widgetType>
                        </elements>
                        <elements>
                            <description></description>
                            <id>ID_OSA_INSPECTION_GET_CALIBDATA_FROM_SERVER</id>
                            <layout/>
                            <style></style>
                            <widgetType>Button</widgetType>
                        </elements>
                        <elements>
                            <description></description>
                            <id>ID_OSA_INSPECTION_CLEAR_CALIBRATED_TABLES</id>
                            <layout/>
                            <style></style>
                            <widgetType>Button</widgetType>
                        </elements>
                        <elements>
                            <description></description>
                            <id>ID_OSA_INSPECTION_COPY_CALIBRATED_TABLES</id>
                            <layout/>
                            <style></style>
                            <widgetType>Button</widgetType>
                        </elements>
                        <elements>
                            <description></description>
                            <id>ID_OSA_INSPECTION_POWER_INITIALIZE_ECECUTE</id>
                            <layout/>
                            <style></style>
                            <widgetType>Button</widgetType>
                        </elements>
                        <elements>
                            <description></description>
                            <id>ID_OSA_INSPECTION_MESURE_LAST_ERROR</id>
                            <layout/>
                            <style></style>
                            <widgetType>Text Box</widgetType>
                        </elements>
                        <elements>
                            <description></description>
                            <id>ID_OSA_INSPECTION_MOTOR_ZEROSET_SQUARE_EXECUTE</id>
                            <layout/>
                            <style></style>
                            <widgetType>Button</widgetType>
                        </elements>
                        <elements>
                            <description></description>
                            <id>ID_OSA_INSPECTION_MOTOR_GET_INITROTOR_POSITION_EXECUTE</id>
                            <layout/>
                            <style></style>
                            <widgetType>Button</widgetType>
                        </elements>
                        <elements>
                            <description></description>
                            <id>ID_OSA_INSPECTION_MOTOR_INITROTOR_POSITION</id>
                            <layout/>
                            <style></style>
                            <widgetType>Text Box</widgetType>
                        </elements>
                        <elements>
                            <description>-width:200;-height:60;</description>
                            <id>ID_OSA_INSPECTION_MOTOR_STOP_EXECUTE</id>
                            <layout/>
                            <style></style>
                            <widgetType>Button</widgetType>
                        </elements>
                        <elements>
                            <description></description>
                            <id>ID_OSA_INSPECTION_START_REALTIME_MEASURE</id>
                            <layout/>
                            <style></style>
                            <widgetType>Check Box</widgetType>
                        </elements>
                        <elements>
                            <description></description>
                            <id>ID_OSA_INSPECTION_SWEEP_MODE</id>
                            <layout/>
                            <style></style>
                            <widgetType>Radio Buttons</widgetType>
                        </elements>
                        <elements>
                            <description></description>
                            <id>ID_OSA_INSPECTION_READ_REGS</id>
                            <layout/>
                            <style></style>
                            <widgetType>Button</widgetType>
                        </elements>
                        <elements>
                            <description></description>
                            <id>ID_OSA_INSPECTION_REG_POS_ERROR</id>
                            <layout/>
                            <style></style>
                            <widgetType>Text Box</widgetType>
                        </elements>
                        <elements>
                            <description></description>
                            <id>ID_OSA_INSPECTION_REG_DSIG</id>
                            <layout/>
                            <style></style>
                            <widgetType>Text Box</widgetType>
                        </elements>
                        <elements>
                            <description></description>
                            <id>ID_OSA_INSPECTION_WRITE_DSIG_REG</id>
                            <layout/>
                            <style></style>
                            <widgetType>Button</widgetType>
                        </elements>
                        <elements>
                            <description></description>
                            <id>ID_OSA_INSPECTION_REG_P</id>
                            <layout/>
                            <style></style>
                            <widgetType>Text Box</widgetType>
                        </elements>
                        <elements>
                            <description></description>
                            <id>ID_OSA_INSPECTION_REG_I</id>
                            <layout/>
                            <style></style>
                            <widgetType>Text Box</widgetType>
                        </elements>
                        <elements>
                            <description></description>
                            <id>ID_OSA_INSPECTION_REG_D</id>
                            <layout/>
                            <style></style>
                            <widgetType>Text Box</widgetType>
                        </elements>
                        <elements>
                            <description></description>
                            <id>ID_OSA_INSPECTION_REG_I_LIMIT</id>
                            <layout/>
                            <style></style>
                            <widgetType>Text Box</widgetType>
                        </elements>
                        <elements>
                            <description></description>
                            <id>ID_OSA_INSPECTION_REG_I_LIMIT_BIT</id>
                            <layout/>
                            <style></style>
                            <widgetType>Text Box</widgetType>
                        </elements>
                        <elements>
                            <description></description>
                            <id>ID_OSA_INSPECTION_REG_D_INTERVAL</id>
                            <layout/>
                            <style></style>
                            <widgetType>Text Box</widgetType>
                        </elements>
                        <elements>
                            <description></description>
                            <id>ID_OSA_INSPECTION_REG_SFACTOR_P</id>
                            <layout/>
                            <style></style>
                            <widgetType>Text Box</widgetType>
                        </elements>
                        <elements>
                            <description></description>
                            <id>ID_OSA_INSPECTION_REG_SFACTOR_I</id>
                            <layout/>
                            <style></style>
                            <widgetType>Text Box</widgetType>
                        </elements>
                        <elements>
                            <description></description>
                            <id>ID_OSA_INSPECTION_REG_SFACTOR_D</id>
                            <layout/>
                            <style></style>
                            <widgetType>Text Box</widgetType>
                        </elements>
                        <elements>
                            <description></description>
                            <id>ID_OSA_INSPECTION_REG_SFACTOR_INTV</id>
                            <layout/>
                            <style></style>
                            <widgetType>Text Box</widgetType>
                        </elements>
                        <elements>
                            <description></description>
                            <id>ID_OSA_INSPECTION_WRITE_PID_REGS</id>
                            <layout/>
                            <style></style>
                            <widgetType>Button</widgetType>
                        </elements>
                        <elements>
                            <description></description>
                            <id>ID_OSA_INSPECTION_SHOW_TRACE</id>
                            <layout/>
                            <style></style>
                            <widgetType>Button</widgetType>
                        </elements>
                        <elements>
                            <description></description>
                            <id>ID_OSA_START_WAVELENGTH</id>
                            <layout/>
                            <style></style>
                            <widgetType>Text Box</widgetType>
                        </elements>
                        <elements>
                            <description></description>
                            <id>ID_OSA_CENTER_WAVELENGTH</id>
                            <layout/>
                            <style></style>
                            <widgetType>Text Box</widgetType>
                        </elements>
                        <elements>
                            <description></description>
                            <id>ID_OSA_SPAN_WAVELENGTH</id>
                            <layout/>
                            <style></style>
                            <widgetType>Text Box</widgetType>
                        </elements>
                        <elements>
                            <description></description>
                            <id>ID_OSA_STOP_WAVELENGTH</id>
                            <layout/>
                            <style></style>
                            <widgetType>Text Box</widgetType>
                        </elements>
                        <elements>
                            <description></description>
                            <id>ID_START_AVERAGING_TEST</id>
                            <layout/>
                            <style>-fx-padding:1;</style>
                            <widgetType>Button</widgetType>
                        </elements>
                        <elements>
                            <description></description>
                            <id>ID_SOFTWARE_VERSION</id>
                            <layout/>
                            <style>-fx-padding:1;</style>
                            <widgetType>Text Box</widgetType>
                        </elements>
                    </layout>
                    <style>-fx-width:100; -fx-height:100;</style>
                    <widgetType>Pane</widgetType>
                </elements>
            </value>
        </entry>
        <entry>
            <key>Setup</key>
            <value>
                <elements>
                    <description></description>
                    <id></id>
                    <layout>
                        <elements>
                            <description></description>
                            <id>ID_JOBID</id>
                            <layout/>
                            <style></style>
                            <widgetType>Text Box</widgetType>
                        </elements>
                        <elements>
                            <description></description>
                            <id>ID_CABLEID</id>
                            <layout/>
                            <style></style>
                            <widgetType>Text Box</widgetType>
                        </elements>
                        <elements>
                            <description></description>
                            <id>ID_FIBERID</id>
                            <layout/>
                            <style></style>
                            <widgetType>Text Box</widgetType>
                        </elements>
                        <elements>
                            <description></description>
                            <id>ID_CUSTOMER</id>
                            <layout/>
                            <style></style>
                            <widgetType>Text Box</widgetType>
                        </elements>
                        <elements>
                            <description></description>
                            <id>ID_OWNER</id>
                            <layout/>
                            <style></style>
                            <widgetType>Text Box</widgetType>
                        </elements>
                        <elements>
                            <description></description>
                            <id>ID_OPERATOR</id>
                            <layout/>
                            <style></style>
                            <widgetType>Text Box</widgetType>
                        </elements>
                        <elements>
                            <description></description>
                            <id>ID_COMMENT</id>
                            <layout/>
                            <style></style>
                            <widgetType>Text Box</widgetType>
                        </elements>
                    </layout>
                    <style>-fx-spacing:3;</style>
                    <widgetType>Pane</widgetType>
                </elements>
                <elements>
                    <description></description>
                    <id></id>
                    <layout>
                        <elements>
                            <description></description>
                            <id>ID_CALIBRATION_MODE</id>
                            <layout/>
                            <style></style>
                            <widgetType>Toggle Buttons</widgetType>
                        </elements>
                        <elements>
                            <description></description>
                            <id>ID_CALIBRATION_INTERVAL</id>
                            <layout/>
                            <style></style>
                            <widgetType>Text Box</widgetType>
                        </elements>
                        <elements>
                            <description></description>
                            <id>ID_LEVEL_CALIBRATION_INTERVAL</id>
                            <layout/>
                            <style></style>
                            <widgetType>Text Box</widgetType>
                        </elements>
                        <elements>
                            <description></description>
                            <id>ID_LAST_SUCCESS_WAVE_CAL_DATETIME</id>
                            <layout/>
                            <style></style>
                            <widgetType>Static Label</widgetType>
                        </elements>
                        <elements>
                            <description></description>
                            <id>ID_LAST_SUCCESS_LEVEL_CAL_DATETIME</id>
                            <layout/>
                            <style></style>
                            <widgetType>Static Label</widgetType>
                        </elements>
                    </layout>
                    <style>-fx-spacing:4;</style>
                    <widgetType>Pane</widgetType>
                </elements>
                <elements>
                    <description></description>
                    <id></id>
                    <layout>
                        <elements>
                            <description></description>
                            <id>ID_OSA_START_WAVELENGTH_NM</id>
                            <layout/>
                            <style>-fx-padding:1;</style>
                            <widgetType>Text Box</widgetType>
                        </elements>
                        <elements>
                            <description></description>
                            <id>ID_OSA_STOP_WAVELENGTH_NM</id>
                            <layout/>
                            <style>-fx-padding:1;</style>
                            <widgetType>Text Box</widgetType>
                        </elements>
                        <elements>
                            <description></description>
                            <id>ID_OSA_CENTER_WAVELENGTH_NM</id>
                            <layout/>
                            <style>-fx-padding:1;</style>
                            <widgetType>Text Box</widgetType>
                        </elements>
                        <elements>
                            <description></description>
                            <id>ID_OSA_SPAN_WAVELENGTH_NM</id>
                            <layout/>
                            <style>-fx-padding:1;</style>
                            <widgetType>Text Box</widgetType>
                        </elements>
                        <elements>
                            <description></description>
                            <id>ID_MODELNUMBER</id>
                            <layout/>
                            <style>-fx-padding:1;</style>
                            <widgetType>Toggle Buttons</widgetType>
                        </elements>
                        <elements>
                            <description></description>
                            <id>ID_APPLICATIONTYPE</id>
                            <layout/>
                            <style>-fx-padding:1;</style>
                            <widgetType>Radio Buttons</widgetType>
                        </elements>
                    </layout>
                    <style>-fx-padding:5;-fx-border-width:1; -fx-border-color:lightgray;</style>
                    <widgetType>Pane</widgetType>
                </elements>
            </value>
        </entry>
        <entry>
            <key>TEST</key>
            <value>
                <elements>
                    <description></description>
                    <id></id>
                    <layout>
                        <elements>
                            <description></description>
                            <id>ID_OSA_GLOBAL_NDB</id>
                            <layout/>
                            <style></style>
                            <widgetType>Text Box</widgetType>
                        </elements>
                        <elements>
                            <description></description>
                            <id>ID_OSA_GLOBAL_NOISE_BW</id>
                            <layout/>
                            <style></style>
                            <widgetType>Text Box</widgetType>
                        </elements>
                        <elements>
                            <description></description>
                            <id>ID_OSA_RBW</id>
                            <layout/>
                            <style></style>
                            <widgetType>Combo Box</widgetType>
                        </elements>
                        <elements>
                            <description></description>
                            <id>ID_OSA_LEVEL_OFFSET</id>
                            <layout/>
                            <style></style>
                            <widgetType>Text Box</widgetType>
                        </elements>
                        <elements>
                            <description></description>
                            <id>ID_OSA_PF_CHANNEL_NOTFOUND</id>
                            <layout/>
                            <style></style>
                            <widgetType>Check Box</widgetType>
                        </elements>
                    </layout>
                    <style>-fx-spacing:3;-fx-padding:4,4,4,4;</style>
                    <widgetType>Pane</widgetType>
                </elements>
                <elements>
                    <description></description>
                    <id></id>
                    <layout>
                        <elements>
                            <description></description>
                            <id>ID_OSA_CHANNELDETECT_AUTOTHRESHOLD</id>
                            <layout/>
                            <style></style>
                            <widgetType>Check Box</widgetType>
                        </elements>
                        <elements>
                            <description></description>
                            <id>ID_OSA_CHANNELDETECT_THRESHOLD</id>
                            <layout/>
                            <style></style>
                            <widgetType>Text Box</widgetType>
                        </elements>
                        <elements>
                            <description></description>
                            <id>ID_OSA_CHANNELDETECT_DELTA_P</id>
                            <layout/>
                            <style></style>
                            <widgetType>Text Box</widgetType>
                        </elements>
                        <elements>
                            <description></description>
                            <id>ID_OSA_CHANNELDETECT_CENTER_THRESHOLD</id>
                            <layout/>
                            <style></style>
                            <widgetType>Text Box</widgetType>
                        </elements>
                        <elements>
                            <description>;-layout:Horizontal;</description>
                            <id></id>
                            <layout>
<elements>
    <description></description>
    <id>ID_GAIN_TILT_ENABLED</id>
    <layout/>
    <style>-fx-width:100; -fx-height:100;</style>
    <widgetType>Check Box</widgetType>
</elements>
<elements>
    <description></description>
    <id>ID_OSA_SUMMARY_GAINTILT</id>
    <layout/>
    <style>-fx-width:100; -fx-height:100;</style>
    <widgetType>Text Box</widgetType>
</elements>
                            </layout>
                            <style>-fx-width:100; -fx-height:100;</style>
                            <widgetType>Pane</widgetType>
                        </elements>
                    </layout>
                    <style>-fx-spacing:3;-fx-padding:4,4,4,4;</style>
                    <widgetType>Pane</widgetType>
                </elements>
                <elements>
                    <description></description>
                    <id></id>
                    <layout/>
                    <style>-fx-spacing:1;</style>
                    <widgetType>Pane</widgetType>
                </elements>
            </value>
        </entry>
        <entry>
            <key>RESULT</key>
            <value>
                <elements>
                    <description>-width:600;-height:20;-layout:Horizontal;</description>
                    <id></id>
                    <layout>
                        <elements>
                            <description>-list-icons:ID_OSA_SWEEP_TYPE_SINGLE=url('file:///c:/Projects/workspace/workspace-kepler/OtdrSimulator2/icons/Hands-One-Finger-icon.png'), ID_OSA_SWEEP_TYPE_REPEAT=url('file:///c:/Projects/workspace/workspace-kepler/OtdrSimulator2/icons/Repeat-3-icon.png'), ID_OSA_SWEEP_TYPE_AVERAGE=url('file:///c:/Projects/workspace/workspace-kepler/OtdrSimulator2/icons/Sum-icon.png'), ID_OSA_SWEEP_TYPE_INBAND=url('file:///c:/Projects/workspace/workspace-kepler/OtdrSimulator2/icons/Brain-2-2-icon.png');</description>
                            <id>ID_OSA_SWEEP_TYPE</id>
                            <layout/>
                            <style>-fx-font-weight:bold;-fx-border-width:1;-fx-border-color:lightgray;-fx-padding:3;-fx-alignment:center;</style>
                            <widgetType>Toggle Buttons</widgetType>
                        </elements>
                        <elements>
                            <description>-width:180;</description>
                            <id>ID_OSA_ACTIVE_WAVEFORM_AVERAGE</id>
                            <layout/>
                            <style>-fx-font-size:16;-fx-font-weight:bold;-fx-border-width:1;-fx-border-color:lightgray;-fx-padding:3;-fx-alignment:top-center;</style>
                            <widgetType>Static Label</widgetType>
                        </elements>
                        <elements>
                            <description>-width:230;</description>
                            <id>ID_SERVER_STATE</id>
                            <layout/>
                            <style>-fx-font-size:16;-fx-font-weight:bold;-fx-border-width:1;-fx-border-color:lightgray;-fx-padding:3;-fx-alignment:top-left;</style>
                            <widgetType>Static Label</widgetType>
                        </elements>
                    </layout>
                    <style>-fx-border-width:1;-fx-spacing:5;-fx-padding:2;</style>
                    <widgetType>Pane</widgetType>
                </elements>
                <elements>
                    <description>-width:1000;-layout:Horizontal;</description>
                    <id></id>
                    <layout>
                        <elements>
                            <description></description>
                            <id></id>
                            <layout>
<elements>
    <description>-width:790;-height:300;</description>
    <id>ID_OSA_TRACE</id>
    <layout/>
    <style></style>
    <widgetType>Scatter Chart</widgetType>
</elements>
<elements>
    <description>;-layout:Horizontal;-width:800;</description>
    <id></id>
    <layout>
        <elements>
            <description>-width:800;-height:200;-table-colwidth:60,200,200,200;</description>
            <id>ID_OSA_ONOFF_RESULT_TABLE</id>
            <layout/>
            <style>-fx-font-size:18;</style>
            <widgetType>Table</widgetType>
        </elements>
    </layout>
    <style>-fx-width:100; -fx-height:100;</style>
    <widgetType>Pane</widgetType>
</elements>
                            </layout>
                            <style>-fx-width:100; -fx-height:100;</style>
                            <widgetType>Pane</widgetType>
                        </elements>
                        <elements>
                            <description>-id:GUI_RESULT_SETUP;-width:130;</description>
                            <id></id>
                            <layout>
<elements>
    <description>-layout:Vertical;</description>
    <id></id>
    <layout>
        <elements>
            <description>-width:130;-height:70;-list-icons:ID_OSA_START_STOP_START=url('file:///C:/Projects/MT1000_OSA/trunk/client/images/start-48.png'),ID_OSA_START_STOP_STOP=url('file:///C:/Projects/MT1000_OSA/trunk/client/images/stop-48.png');</description>
            <id>ID_OSA_START_STOP</id>
            <layout/>
            <style>-fx-font-size:25;-fx-font-weight:bold;-fx-padding:1;-fx-graphic:url('file:///C:/Projects/MT1000_OSA/trunk/client/images/start-48.png');</style>
            <widgetType>One Button</widgetType>
        </elements>
        <elements>
            <description></description>
            <id>ID_OSA_SWEEP_TYPE</id>
            <layout/>
            <style>-fx-font-size:16;-fx-border-width:1;-fx-padding:1;</style>
            <widgetType>Function Key</widgetType>
        </elements>
        <elements>
            <description></description>
            <id>ID_OSA_AVERAGE_COUNT</id>
            <layout/>
            <style>-fx-font-size:16;-fx-padding:1;</style>
            <widgetType>Function Key</widgetType>
        </elements>
        <elements>
            <description></description>
            <id>ID_OSA_START_WAVELENGTH_NM</id>
            <layout/>
            <style>-fx-font-size:16;-fx-padding:1;</style>
            <widgetType>Function Key</widgetType>
        </elements>
        <elements>
            <description></description>
            <id>ID_OSA_STOP_WAVELENGTH_NM</id>
            <layout/>
            <style>-fx-font-size:16;-fx-padding:1;</style>
            <widgetType>Function Key</widgetType>
        </elements>
        <elements>
            <description></description>
            <id>ID_OSA_CENTER_WAVELENGTH_NM</id>
            <layout/>
            <style>-fx-font-size:16;-fx-padding:1;</style>
            <widgetType>Function Key</widgetType>
        </elements>
    </layout>
    <style>-fx-border-width:1;-fx-spacing:0;-fx-padding:0;</style>
    <widgetType>Pane</widgetType>
</elements>
<elements>
    <description></description>
    <id>ID_OSA_SPAN_WAVELENGTH_NM</id>
    <layout/>
    <style>-fx-padding:1;</style>
    <widgetType>Function Key</widgetType>
</elements>
                            </layout>
                            <style>-fx-border-width:1;-fx-spacing:0;</style>
                            <widgetType>Pane</widgetType>
                        </elements>
                    </layout>
                    <style></style>
                    <widgetType>Pane</widgetType>
                </elements>
                <elements>
                    <description></description>
                    <id></id>
                    <layout>
                        <elements>
                            <description>-title-visible:false;-button-width:183;-items-per-line:5;</description>
                            <id>ID_OSA_BAND</id>
                            <layout/>
                            <style>-fx-font-size:14;</style>
                            <widgetType>Toggle Buttons</widgetType>
                        </elements>
                    </layout>
                    <style>-fx-border-width:1;-fx-padding:1;</style>
                    <widgetType>Pane</widgetType>
                </elements>
            </value>
        </entry>
        <entry>
            <key>New Tab</key>
            <value>
                <elements>
                    <description>-related-id:ID_GUI_TEST_TAB;-tabs:Measurement,Headers,Preferences,Advance;</description>
                    <id></id>
                    <layout>
                        <elements>
                            <description>-width:600;</description>
                            <id></id>
                            <layout>
<elements>
    <description>-title-width:150;</description>
    <id>ID_OSA_ACTIVE_TRACE</id>
    <layout/>
    <style>-fx-font-size:20;</style>
    <widgetType>Toggle Buttons</widgetType>
</elements>
<elements>
    <description>-title-width:150;-table-colwidth:150;</description>
    <id>ID_OSA_SWEEP_TYPE</id>
    <layout/>
    <style>-fx-font-size:20;</style>
    <widgetType>Toggle Buttons</widgetType>
</elements>
<elements>
    <description>-title-width:150;</description>
    <id>ID_OSA_BAND</id>
    <layout/>
    <style>-fx-font-size:20;</style>
    <widgetType>Combo Box</widgetType>
</elements>
<elements>
    <description>-width:200;-title-width:150;</description>
    <id>ID_OSA_START_WAVELENGTH_NM</id>
    <layout/>
    <style>-fx-font-size:20;</style>
    <widgetType>Slider</widgetType>
</elements>
<elements>
    <description>-title-width:150;</description>
    <id>ID_OSA_STOP_WAVELENGTH_NM</id>
    <layout/>
    <style>-fx-font-size:20;</style>
    <widgetType>Slider</widgetType>
</elements>
<elements>
    <description>-title-width:150;</description>
    <id>ID_OSA_CENTER_WAVELENGTH_NM</id>
    <layout/>
    <style>-fx-font-size:20;</style>
    <widgetType>Slider</widgetType>
</elements>
<elements>
    <description>-title-width:150;</description>
    <id>ID_OSA_SPAN_WAVELENGTH_NM</id>
    <layout/>
    <style>-fx-font-size:20;</style>
    <widgetType>Slider</widgetType>
</elements>
<elements>
    <description>-title-width:150;</description>
    <id>ID_OSA_AVERAGE_COUNT</id>
    <layout/>
    <style>-fx-font-size:20;</style>
    <widgetType>Text Box</widgetType>
</elements>
                            </layout>
                            <style>-fx-font-size:20;-fx-spacing:4;-fx-padding:3;</style>
                            <widgetType>Pane</widgetType>
                        </elements>
                        <elements>
                            <description></description>
                            <id></id>
                            <layout>
<elements>
    <description>-title-width:150;</description>
    <id>ID_JOBID</id>
    <layout/>
    <style>-fx-font-size:20;</style>
    <widgetType>Text Box</widgetType>
</elements>
<elements>
    <description>-title-width:150;</description>
    <id>ID_CABLEID</id>
    <layout/>
    <style>-fx-font-size:20;</style>
    <widgetType>Text Box</widgetType>
</elements>
<elements>
    <description>-title-width:150;</description>
    <id>ID_FIBERID</id>
    <layout/>
    <style>-fx-font-size:20;</style>
    <widgetType>Text Box</widgetType>
</elements>
<elements>
    <description>-title-width:150;</description>
    <id>ID_CUSTOMER</id>
    <layout/>
    <style>-fx-font-size:20;</style>
    <widgetType>Text Box</widgetType>
</elements>
<elements>
    <description>-width:150;-title-width:150;</description>
    <id>ID_OWNER</id>
    <layout/>
    <style>-fx-font-size:20;</style>
    <widgetType>Text Box</widgetType>
</elements>
<elements>
    <description>-title-width:150;</description>
    <id>ID_OPERATOR</id>
    <layout/>
    <style>-fx-font-size:20;</style>
    <widgetType>Text Box</widgetType>
</elements>
<elements>
    <description>-title-width:150;</description>
    <id>ID_COMMENT</id>
    <layout/>
    <style>-fx-font-size:20;</style>
    <widgetType>Text Box</widgetType>
</elements>
                            </layout>
                            <style>-fx-font-size:20;-fx-spacing:4;-fx-padding:4;</style>
                            <widgetType>Pane</widgetType>
                        </elements>
                        <elements>
                            <description></description>
                            <id></id>
                            <layout>
<elements>
    <description></description>
    <id>ID_TRACEOVERVIEW</id>
    <layout/>
    <style>-fx-font-size:20;</style>
    <widgetType>Check Box</widgetType>
</elements>
<elements>
    <description>-title-width:200;</description>
    <id>ID_OSA_HORIZONTAL_UNIT</id>
    <layout/>
    <style>-fx-font-size:20;</style>
    <widgetType>Toggle Buttons</widgetType>
</elements>
<elements>
    <description></description>
    <id>ID_OSA_INBAND_NOISE_TRACE_SHOW</id>
    <layout/>
    <style>-fx-font-size:20</style>
    <widgetType>Check Box</widgetType>
</elements>
<elements>
    <description>-title-width:200;</description>
    <id>ID_OSA_VIEW_CHANNEL_RESULT</id>
    <layout/>
    <style>-fx-font-size:20;</style>
    <widgetType>Toggle Buttons</widgetType>
</elements>
<elements>
    <description></description>
    <id>ID_AUTOFILENAMEENABLED</id>
    <layout/>
    <style>-fx-font-size:20</style>
    <widgetType>Check Box</widgetType>
</elements>
<elements>
    <description>-title-width:200;</description>
    <id>ID_AUTOSAVESTARTNUMBER</id>
    <layout/>
    <style>-fx-font-size:20;</style>
    <widgetType>Text Box</widgetType>
</elements>
                            </layout>
                            <style>-fx-font-size:20;-fx-spacing:4;-fx-padding:4;</style>
                            <widgetType>Pane</widgetType>
                        </elements>
                        <elements>
                            <description></description>
                            <id></id>
                            <layout>
<elements>
    <description></description>
    <id>ID_CALIBRATION_MODE</id>
    <layout/>
    <style>-fx-font-size:20</style>
    <widgetType>Toggle Buttons</widgetType>
</elements>
<elements>
    <description>-title-width:150;</description>
    <id>ID_LAST_SUCCESS_WAVE_CAL_DATETIME</id>
    <layout/>
    <style>-fx-font-size:20;</style>
    <widgetType>Static Label</widgetType>
</elements>
<elements>
    <description>-title-width:150;</description>
    <id>ID_LAST_SUCCESS_LEVEL_CAL_DATETIME</id>
    <layout/>
    <style>-fx-font-size:20;</style>
    <widgetType>Static Label</widgetType>
</elements>
                            </layout>
                            <style>-fx-font-size:20;-fx-spacing:4;-fx-padding:4;</style>
                            <widgetType>Pane</widgetType>
                        </elements>
                    </layout>
                    <style>-fx-font-size:20;</style>
                    <widgetType>Pane</widgetType>
                </elements>
                <elements>
                    <description></description>
                    <id></id>
                    <layout>
                        <elements>
                            <description></description>
                            <id>ID_GUI_TEST_TAB</id>
                            <layout/>
                            <style>-fx-padding:1;</style>
                            <widgetType>Toggle Buttons</widgetType>
                        </elements>
                    </layout>
                    <style>-fx-width:100; -fx-height:100;</style>
                    <widgetType>Pane</widgetType>
                </elements>
            </value>
        </entry>
        <entry>
            <key>OTDR</key>
            <value>
                <elements>
                    <description>-width:100;-height:100;-user-code:ChartUi;</description>
                    <id></id>
                    <layout/>
                    <style></style>
                    <widgetType>Universal</widgetType>
                </elements>
                <elements>
                    <description>-width:500;-height:100;-user-code:FiberVisualizerUi;</description>
                    <id></id>
                    <layout/>
                    <style>-fx-padding:20;-fx-background-image:url('file:///C:/Projects/MT1000_OTDR/svn_trunk_all/sw/client/images/fibervisualizer_base.png');</style>
                    <widgetType>Universal</widgetType>
                </elements>
                <elements>
                    <description>-width:1000;-height:600;-layout:Absolute;-x-position:200.0;-y-position:0.0;</description>
                    <id></id>
                    <layout>
                        <elements>
                            <description></description>
                            <id></id>
                            <layout>
<elements>
    <description>-title-width:150;</description>
    <id>ID_OTDR_DISTANCERANGE</id>
    <layout/>
    <style></style>
    <widgetType>Combo Box</widgetType>
</elements>
<elements>
    <description>-title-width:150;</description>
    <id>ID_OTDR_PULSEWIDTH</id>
    <layout/>
    <style></style>
    <widgetType>Combo Box</widgetType>
</elements>
<elements>
    <description>-title-width:150;</description>
    <id>ID_OTDR_DISTANCEUNIT</id>
    <layout/>
    <style>-fx-padding:1;</style>
    <widgetType>Combo Box</widgetType>
</elements>
<elements>
    <description></description>
    <id>ID_OTDR_START_STOP</id>
    <layout/>
    <style>-fx-padding:1;</style>
    <widgetType>One Button</widgetType>
</elements>
<elements>
    <description></description>
    <id>ID_OTDR_RESOLUTION</id>
    <layout/>
    <style>-fx-padding:1;</style>
    <widgetType>Combo Box</widgetType>
</elements>
<elements>
    <description></description>
    <id>ID_OTDR_MODE</id>
    <layout/>
    <style>-fx-padding:1;</style>
    <widgetType>Toggle Buttons</widgetType>
</elements>
                            </layout>
                            <style>-fx-padding:10;</style>
                            <widgetType>Pane</widgetType>
                        </elements>
                    </layout>
                    <style>-fx-border-width:1;-fx-padding:5;</style>
                    <widgetType>Pane</widgetType>
                </elements>
            </value>
        </entry>
        <entry>
            <key>Smartphone</key>
            <value>
                <elements>
                    <description>-width:1800;-height:1100;-layout:Absolute;-x-position:-2.0;-y-position:-2.0;</description>
                    <id></id>
                    <layout>
                        <elements>
                            <description>-width:1286;-height:865;-layout:Absolute;-x-position:43.0;-y-position:15.0;</description>
                            <id></id>
                            <layout>
<elements>
    <description>-width:453;-height:770;-x-position:140.0;-y-position:53.0;</description>
    <id></id>
    <layout>
        <elements>
            <description>-title-width:200;</description>
            <id>ID_OTDR_DISTANCERANGE</id>
            <layout/>
            <style>-fx-padding:1;</style>
            <widgetType>Combo Box</widgetType>
        </elements>
        <elements>
            <description>-title-width:200;</description>
            <id>ID_OTDR_PULSEWIDTH</id>
            <layout/>
            <style>-fx-padding:1;</style>
            <widgetType>Combo Box</widgetType>
        </elements>
        <elements>
            <description>-title-width:200;</description>
            <id>ID_OTDR_DISTANCEUNIT</id>
            <layout/>
            <style>-fx-padding:1;</style>
            <widgetType>Combo Box</widgetType>
        </elements>
        <elements>
            <description>-title-width:200;</description>
            <id>ID_OTDR_RESOLUTION</id>
            <layout/>
            <style>-fx-padding:1;</style>
            <widgetType>Combo Box</widgetType>
        </elements>
        <elements>
            <description>-title-width:200;</description>
            <id>ID_OTDR_MODE</id>
            <layout/>
            <style>-fx-padding:1;</style>
            <widgetType>Toggle Buttons</widgetType>
        </elements>
        <elements>
            <description></description>
            <id>ID_OSA_SWEEP_TYPE</id>
            <layout/>
            <style>-fx-padding:1;</style>
            <widgetType>Combo Box</widgetType>
        </elements>
        <elements>
            <description></description>
            <id>ID_OSA_BAND</id>
            <layout/>
            <style>-fx-padding:1;</style>
            <widgetType>Combo Box</widgetType>
        </elements>
        <elements>
            <description></description>
            <id>ID_OSC_DURATION</id>
            <layout/>
            <style>-fx-padding:1;</style>
            <widgetType>Text Box</widgetType>
        </elements>
        <elements>
            <description>-width:450;-height:170;-user-code:FiberVisualizerUi;</description>
            <id></id>
            <layout/>
            <style></style>
            <widgetType>Universal</widgetType>
        </elements>
        <elements>
            <description>-layout:Horizontal;</description>
            <id></id>
            <layout>
                <elements>
                    <description>-width:150;-height:150;</description>
                    <id>ID_TP_ERROREDFRAMES</id>
                    <layout/>
                    <style>-fx-padding:1;</style>
                    <widgetType>GAUGE</widgetType>
                </elements>
                <elements>
                    <description>-width:150;-height:150;</description>
                    <id>ID_TP_TRANSMITRATE</id>
                    <layout/>
                    <style>-fx-padding:1;</style>
                    <widgetType>GAUGE</widgetType>
                </elements>
            </layout>
            <style>-fx-border-width:1;-fx-padding:5;</style>
            <widgetType>Pane</widgetType>
        </elements>
        <elements>
            <description></description>
            <id>ID_RESULT_TR</id>
            <layout/>
            <style>-fx-padding:1;</style>
            <widgetType>Static Label</widgetType>
        </elements>
        <elements>
            <description>-width:180;-height:80;-list-icons:ID_ALL_TEST_STOP=url('file:///C:/Projects/MT1000_OSA/trunk/client/images/start-48.png'),ID_ALL_TEST_START=url('file:///C:/Projects/MT1000_OSA/trunk/client/images/stop-48.png');</description>
            <id>ID_ALL_TEST</id>
            <layout/>
            <style>-fx-font-size:50;-fx-padding:1;</style>
            <widgetType>One Button</widgetType>
        </elements>
    </layout>
    <style>-fx-font-size:18;-fx-font-weight:bold;-fx-font-family:Arial;-fx-background-color:white;-fx-border-width:1;-fx-border-color:blue;-fx-spacing:2;-fx-padding:5;-fx-hgap:2;</style>
    <widgetType>Pane</widgetType>
</elements>
<elements>
    <description>-width:560;-height:770;-layout:Vertical;-x-position:600.0;-y-position:51.0;</description>
    <id></id>
    <layout>
        <elements>
            <description>-width:550;-height:300;</description>
            <id>ID_OSA_TRACE</id>
            <layout/>
            <style>-fx-padding:1;</style>
            <widgetType>Scatter Chart</widgetType>
        </elements>
        <elements>
            <description>-height:200;</description>
            <id>ID_EYEDIAGRAM</id>
            <layout/>
            <style>-fx-padding:1;</style>
            <widgetType>Image</widgetType>
        </elements>
    </layout>
    <style>-fx-background-color:white;-fx-border-width:1;-fx-border-color:graph;-fx-padding:0;</style>
    <widgetType>Pane</widgetType>
</elements>
                            </layout>
                            <style>-fx-border-width:0;-fx-padding:0;-fx-background-image:url('file:///C:/Users/a1199022/Pictures/ticci-ipad-portrait_ipadmini_black_landscape.jpg');</style>
                            <widgetType>Pane</widgetType>
                        </elements>
                    </layout>
                    <style>-fx-border-width:1;-fx-padding:5;</style>
                    <widgetType>Pane</widgetType>
                </elements>
            </value>
        </entry>
        <entry>
            <key>tablet</key>
            <value>
                <elements>
                    <description>-width:1000;-height:640;-layout:Absolute;-x-position:0.0;-y-position:0.0;</description>
                    <id></id>
                    <layout>
                        <elements>
                            <description>-width:760;-height:430;-layout:Absolute;-x-position:128.0;-y-position:106.0;</description>
                            <id></id>
                            <layout>
<elements>
    <description>-layout:Horizontal;-x-position:0.0;-y-position:0.0;</description>
    <id></id>
    <layout/>
    <style>-fx-border-width:1;-fx-padding:5;</style>
    <widgetType>Pane</widgetType>
</elements>
<elements>
    <description>-height:135;-x-position:0.0;-y-position:295.0;</description>
    <id></id>
    <layout>
        <elements>
            <description>-title-width:120;</description>
            <id>ID_OTDR_MODE</id>
            <layout/>
            <style>-fx-padding:1;</style>
            <widgetType>Toggle Buttons</widgetType>
        </elements>
        <elements>
            <description>-title-width:120;</description>
            <id>ID_OTDR_RESOLUTION</id>
            <layout/>
            <style>-fx-padding:1;</style>
            <widgetType>Toggle Buttons</widgetType>
        </elements>
        <elements>
            <description>-title-width:120;</description>
            <id>ID_OTDR_PULSEWIDTH</id>
            <layout/>
            <style>-fx-padding:1;</style>
            <widgetType>Toggle Buttons</widgetType>
        </elements>
        <elements>
            <description>-title-width:120;</description>
            <id>ID_OTDR_DISTANCERANGE</id>
            <layout/>
            <style>-fx-padding:1;</style>
            <widgetType>Combo Box</widgetType>
        </elements>
    </layout>
    <style>-fx-border-width:1;-fx-padding:0;</style>
    <widgetType>Pane</widgetType>
</elements>
<elements>
    <description>-height:245;-x-position:4.0;-y-position:33.0;</description>
    <id></id>
    <layout>
        <elements>
            <description>-width:620;-height:240;-user-code:FiberVisualizerUi;-x-position:300;-y-position:10;</description>
            <id></id>
            <layout/>
            <style>-fx-background-image:url('file:///C:/Projects/MT1000_OTDR/svn_trunk_all/sw/client/images/fibervisualizer_base.png');</style>
            <widgetType>Universal</widgetType>
        </elements>
    </layout>
    <style>-fx-border-width:0;-fx-padding:0;</style>
    <widgetType>Pane</widgetType>
</elements>
<elements>
    <description>-width:100;-height:300;-x-position:634.0;-y-position:5.0;</description>
    <id></id>
    <layout>
        <elements>
            <description>-width:120;-height:60;</description>
            <id>ID_OTDR_START_STOP</id>
            <layout/>
            <style>-fx-padding:1;</style>
            <widgetType>One Button</widgetType>
        </elements>
        <elements>
            <description>-width:120;-height:60;</description>
            <id>ID_OTDR_PULSEWIDTH</id>
            <layout/>
            <style>-fx-padding:1;</style>
            <widgetType>Function Key</widgetType>
        </elements>
        <elements>
            <description>-width:120;-height:60;</description>
            <id>ID_OTDR_DISTANCERANGE</id>
            <layout/>
            <style>-fx-padding:1;</style>
            <widgetType>Function Key</widgetType>
        </elements>
        <elements>
            <description>-width:120;</description>
            <id>ID_OTDR_DISTANCEUNIT</id>
            <layout/>
            <style>-fx-padding:1;</style>
            <widgetType>Function Key</widgetType>
        </elements>
    </layout>
    <style>-fx-border-width:1;-fx-padding:2;</style>
    <widgetType>Pane</widgetType>
</elements>
<elements>
    <description>-width:600;-height:40;-layout:Horizontal;-x-position:4.0;-y-position:4.0;</description>
    <id></id>
    <layout>
        <elements>
            <description>-width:300;</description>
            <id>ID_FIBERID</id>
            <layout/>
            <style>-fx-padding:1;</style>
            <widgetType>Text Box</widgetType>
        </elements>
        <elements>
            <description></description>
            <id>ID_SERVER_STATE</id>
            <layout/>
            <style>-fx-padding:1;</style>
            <widgetType>Static Label</widgetType>
        </elements>
    </layout>
    <style>-fx-border-width:3;-fx-padding:5;</style>
    <widgetType>Pane</widgetType>
</elements>
                            </layout>
                            <style>-fx-background-color:white;-fx-border-width:0;-fx-padding:0;</style>
                            <widgetType>Pane</widgetType>
                        </elements>
                    </layout>
                    <style>-fx-border-width:0;-fx-padding:0;-fx-background-image:url('file:///C:/Projects/workspace/workspace-kepler/OtdrSimulator2/icons/anritsu-mt1000a-otdr.jpg');</style>
                    <widgetType>Pane</widgetType>
                </elements>
            </value>
        </entry>
    </layouts>
</layoutHolder>
