{"registers":{"4":{"name":"TEST_CONTROL","description":null,"address":"0x4","bits":{"bits":[{"name":"TEST","bit":"4","type":"RW","description":"Auto-added","definition":"","propertyFormula":"","size":1},{"name":"PAU","bit":"3","type":"RW","description":"Pause Test","definition":"","propertyFormula":"","size":1},{"name":"STP","bit":"1","type":"RO","description":"Stop Test","definition":"","propertyFormula":"","size":1},{"name":"STA","bit":"0","type":"RW","description":"Start Test","definition":"","propertyFormula":"","size":1}]}},"8":{"name":"TEST_SETUP","description":null,"address":"0x8","bits":{"bits":[{"name":"POINTS","bit":"31:8","type":"RW","description":"Auto-added","definition":"","propertyFormula":"","size":24},{"name":"DURATION","bit":"7:0","type":"RW","description":"Auto-added","definition":"","propertyFormula":"","size":8}]}},"12":{"name":"HARDKEY","description":"description","address":"0xc","bits":{"bits":[{"name":"REL","bit":"1","type":"RW","description":"Realtime","definition":"","propertyFormula":"","size":1},{"name":"AVG","bit":"0","type":"RW","description":"Average","definition":"","propertyFormula":"","size":1}]}},"16":{"name":"TEST_CONFIG1","description":"Test configuration such as distance range , pulse width","address":"0x10","bits":{"bits":[{"name":"DISTANCE","bit":"19:16","type":"RW","description":"Distance Range","definition":"","propertyFormula":"","size":4},{"name":"PULSE","bit":"3:0","type":"RW","description":"Pulsewidth","definition":"","propertyFormula":"","size":4}]}},"20":{"name":"ERROR_STATUS","description":"Error status","address":"0x14","bits":{"bits":[{"name":"BAT","bit":"3","type":"RW","description":"Battery error","definition":"","propertyFormula":"","size":1},{"name":"DISK","bit":"2","type":"RW","description":"Disk access error","definition":"","propertyFormula":"","size":1},{"name":"CUR","bit":"1","type":"RW","description":"over current","definition":"","propertyFormula":"","size":1},{"name":"TEMP","bit":"0","type":"RW","description":"temparature over","definition":"","propertyFormula":"","size":1}]}},"256":{"name":"DATA","description":"description","address":"0x100-0x200","bits":{"bits":[{"name":"NEW1546957728577","bit":"31:0","type":"RW","description":"Auto-added","definition":"","propertyFormula":"","size":32}]}}},"registerWidth":32}
