<?xml version="1.0" encoding="UTF-8" standalone="yes"?>
<registerShortCutHolder>
    <shortcuts>
        <bitName>error occurs</bitName>
        <interrupt>true</interrupt>
        <regName>otdr interrupt status</regName>
    </shortcuts>
    <shortcuts>
        <bitName>Setup</bitName>
        <interrupt>true</interrupt>
        <regName>OTDR hard keys</regName>
    </shortcuts>
    <shortcuts>
        <bitName>Load</bitName>
        <interrupt>true</interrupt>
        <regName>OTDR hard keys</regName>
    </shortcuts>
    <shortcuts>
        <bitName>Save</bitName>
        <interrupt>true</interrupt>
        <regName>OTDR hard keys</regName>
    </shortcuts>
    <shortcuts>
        <bitName>Realtime</bitName>
        <interrupt>true</interrupt>
        <regName>OTDR hard keys</regName>
    </shortcuts>
    <shortcuts>
        <bitName>Average</bitName>
        <interrupt>true</interrupt>
        <regName>OTDR hard keys</regName>
    </shortcuts>
</registerShortCutHolder>
