<?xml version="1.0" encoding="UTF-8" standalone="yes"?>
<registerProperty>
    <registers>
        <address>0x0010</address>
        <bits>
            <bits>
                <bit>28</bit>
                <definition></definition>
                <description>Interrupt from next board in stack:</description>
                <name>Intr_state_next_board</name>
                <propertyFormula></propertyFormula>
                <size>1</size>
                <type>RO</type>
            </bits>
            <bits>
                <bit>20</bit>
                <definition></definition>
                <description>Interrupt from OSA block: LD過電流、自動消灯</description>
                <name>Inter_state_osa_ldcur</name>
                <propertyFormula></propertyFormula>
                <size>1</size>
                <type>RO</type>
            </bits>
            <bits>
                <bit>16</bit>
                <definition></definition>
                <description>Interrupt from OSA block: モータ暴走、緊急停止</description>
                <name>Inter_state_osa_emerge</name>
                <propertyFormula></propertyFormula>
                <size>1</size>
                <type>RO</type>
            </bits>
            <bits>
                <bit>12</bit>
                <definition></definition>
                <description>Interrupt from OSA block: モータ移動完了</description>
                <name>Inter_state_osa_em</name>
                <propertyFormula></propertyFormula>
                <size>1</size>
                <type>RO</type>
            </bits>
            <bits>
                <bit>8</bit>
                <definition></definition>
                <description>Interrupt from OSA block: 測定データリード要求</description>
                <name>Intr_state_osa_meas</name>
                <propertyFormula></propertyFormula>
                <size>1</size>
                <type>RO</type>
            </bits>
            <bits>
                <bit>4</bit>
                <definition></definition>
                <description>Interrupt from OSA block: フォトインタラプタ1割り込み</description>
                <name>Inter_state_osa_pi1</name>
                <propertyFormula></propertyFormula>
                <size>1</size>
                <type>RO</type>
            </bits>
            <bits>
                <bit>0</bit>
                <definition></definition>
                <description>Interrupt from OSA block: フォトインタラプタ2割り込み</description>
                <name>Intr_state_osa_pi2</name>
                <propertyFormula></propertyFormula>
                <size>1</size>
                <type>RO</type>
            </bits>
        </bits>
        <name>Interrupt Status</name>
    </registers>
    <registers>
        <address>0x0011</address>
        <bits>
            <bits>
                <bit>0</bit>
                <definition>new bit</definition>
                <description>new bit</description>
                <name>TestStart</name>
                <propertyFormula></propertyFormula>
                <size>1</size>
                <type>RW</type>
            </bits>
        </bits>
        <name>OTDR Test Control</name>
    </registers>
    <registers>
        <address>0x12</address>
        <bits/>
        <name>Dummy</name>
    </registers>
    <registers>
        <address>0x0084</address>
        <bits>
            <bits>
                <bit>28</bit>
                <definition>0:アラーム無し(設定閾値未満);
1:アラーム有り(設定閾値以上)</definition>
                <description>温度アラーム表示(FPGA処理)</description>
                <name>d_temp_alarm</name>
                <propertyFormula></propertyFormula>
                <size>1</size>
                <type>RO</type>
            </bits>
            <bits>
                <bit>12:0</bit>
                <definition>&lt;FLOAT&gt;;
read_data * 0.03125</definition>
                <description>温度センサの読み値;
read_data[13:0] X 0.03125 [degC]負数は2の補数表現となる。</description>
                <name>d_temp_data</name>
                <propertyFormula></propertyFormula>
                <size>13</size>
                <type>RO</type>
            </bits>
        </bits>
        <description>aaaa</description>
        <name>TEMP_MONITOR</name>
    </registers>
    <registers>
        <address>0x0400</address>
        <bits>
            <bits>
                <bit>20</bit>
                <definition>0:モータ停止中/移動中;
1:モータ目標位置到達モータ移動完了</definition>
                <description>エンコーダモータ移動完了ステータス;
割り込みと同時に1に遷移するが、;
割り込みクリアされても値を保持する。;
次の駆動スタート時にクリアされる。</description>
                <name>d_osa_em_drv_end</name>
                <propertyFormula></propertyFormula>
                <size>1</size>
                <type>RO</type>
            </bits>
            <bits>
                <bit>16</bit>
                <definition>0: モータ停止中 (Default);
1: モータ駆動中</definition>
                <description>エンコーダモータ駆動中ステータス</description>
                <name>d_osa_em_drv_busy</name>
                <propertyFormula></propertyFormula>
                <size>1</size>
                <type>RO</type>
            </bits>
            <bits>
                <bit>12</bit>
                <definition>&lt;INTEGER&gt;;
0: 指定加速度にて減速時速度計算;
1: 最大加速度にて減速時速度計算;
2: 即座に停止;
3: Unused.</definition>
                <description>エンコーダモータ駆動停止方法(マニュアル)</description>
                <name>s_osa_em_drv_stop_mode</name>
                <propertyFormula></propertyFormula>
                <size>1</size>
                <type>RW</type>
            </bits>
            <bits>
                <bit>8</bit>
                <definition>0: モータ駆動自動制御中 (Default) ;
1: モータ駆動マニュアル停止0→1の遷移でモータをマニュアル停止する。</definition>
                <description>エンコーダモータ駆動停止(マニュアル)</description>
                <name>s_osa_em_drv_stop</name>
                <propertyFormula></propertyFormula>
                <size>1</size>
                <type>RW</type>
            </bits>
            <bits>
                <bit>0</bit>
                <definition>0: 停止 (Default);
1: 駆動開始0→1の遷移でモータ駆動を開始する。駆動終了時にFPGAがセルフクリアする。</definition>
                <description>エンコーダモータ駆動スタート。;
0→1の遷移でモータ駆動を開始する。;
駆動終了時にFPGAがセルフクリアする。</description>
                <name>s_osa_em_drv_start</name>
                <propertyFormula></propertyFormula>
                <size>1</size>
                <type>RW</type>
            </bits>
        </bits>
        <name>Motor drive start / stop</name>
    </registers>
    <registers>
        <address>0x0401</address>
        <bits>
            <bits>
                <bit>19:0</bit>
                <definition>&lt;INTEGER&gt;</definition>
                <description>エンコーダモータ現在位置</description>
                <name>d_osa_em_pos</name>
                <propertyFormula></propertyFormula>
                <size>20</size>
                <type>RO</type>
            </bits>
        </bits>
        <name>Motor Position</name>
    </registers>
    <registers>
        <address>0x0402</address>
        <bits>
            <bits>
                <bit>19:0</bit>
                <definition>&lt;INTEGER&gt;;
</definition>
                <description>エンコーダモータ最終目標位置設定設定範囲：;
1(h) – 1F_FFFF(h), +/-1,048,575</description>
                <name>s_osa_em_target_pos</name>
                <propertyFormula>ID_OSA_INSPECTION_MOTOR_ENCODER_POSITION</propertyFormula>
                <size>20</size>
                <type>RW</type>
            </bits>
        </bits>
        <description>aaaa</description>
        <name>Target position</name>
    </registers>
    <registers>
        <address>0x0403</address>
        <bits>
            <bits>
                <bit>30:0</bit>
                <definition>&lt;INTEGER&gt;</definition>
                <description>エンコーダモータ目標加速度 (加速時)</description>
                <name>s_osa_em_target_acc_up</name>
                <propertyFormula></propertyFormula>
                <size>31</size>
                <type>RW</type>
            </bits>
        </bits>
        <name>Target acceleration</name>
    </registers>
    <registers>
        <address>0x0404</address>
        <bits>
            <bits>
                <bit>30:0</bit>
                <definition>&lt;INTEGER&gt;</definition>
                <description>エンコーダモータ目標加速度 (減速時);
設定範囲：0(d) – 1,073,741,823(d)  /216/sample2</description>
                <name>s_osa_em_target_acc_dn</name>
                <propertyFormula></propertyFormula>
                <size>31</size>
                <type>RW</type>
            </bits>
        </bits>
        <description>aaaa</description>
        <name>Target acceleration (During deceleration)</name>
    </registers>
    <registers>
        <address>0x0405</address>
        <bits>
            <bits>
                <bit>30:0</bit>
                <definition>&lt;INTEGER&gt;</definition>
                <description>エンコーダモータ目標速度;
設定範囲：0(d) – 1,073,741,823(d)  /216/sample</description>
                <name>s_osa_em_target_vel</name>
                <propertyFormula></propertyFormula>
                <size>31</size>
                <type>RW</type>
            </bits>
        </bits>
        <description>aaaa</description>
        <name>Target velocity</name>
    </registers>
    <registers>
        <address>0x0406</address>
        <bits>
            <bits>
                <bit>30:0</bit>
                <definition>&lt;INTEGER&gt;</definition>
                <description>エンコーダモータ最大加速度;
設定範囲：0(d) – 1,073,741,823(d)  /216/sample2</description>
                <name>s_osa_em_max_acc</name>
                <propertyFormula></propertyFormula>
                <size>31</size>
                <type>RW</type>
            </bits>
        </bits>
        <description>aaaa</description>
        <name>Max. acceleration</name>
    </registers>
    <registers>
        <address>0x0407</address>
        <bits>
            <bits>
                <bit>30:0</bit>
                <definition>&lt;INTEGER&gt;</definition>
                <description>エンコーダモータ最大速度;
設定範囲：0(d) – 1,073,741,823(d)  /216/sample</description>
                <name>Max. velocity</name>
                <propertyFormula></propertyFormula>
                <size>31</size>
                <type>RW</type>
            </bits>
        </bits>
        <description>aaaa</description>
        <name>Max. velocity</name>
    </registers>
    <registers>
        <address>0x0420</address>
        <bits>
            <bits>
                <bit>30:29</bit>
                <definition>Value Definition</definition>
                <description>3’b0</description>
                <name>Reserve</name>
                <propertyFormula></propertyFormula>
                <size>2</size>
                <type>UNUSED</type>
            </bits>
        </bits>
        <description>aaaa</description>
        <name>Encoder signal 1 [for Debug1]</name>
    </registers>
    <registers>
        <address>0x0420</address>
        <bits>
            <bits>
                <bit>28</bit>
                <definition>0: 正常 (Default);
1: エラー発生</definition>
                <description>エンコーダ位相パターンエラー ステータス</description>
                <name>d_osa_em_phase_err</name>
                <propertyFormula></propertyFormula>
                <size>1</size>
                <type>RO</type>
            </bits>
            <bits>
                <bit>22:16</bit>
                <definition>&lt;INTEGER&gt;</definition>
                <description>エンコーダ位相パターンエラー カウント;
モータ駆動中のエラー発生回数;
駆動スタートで0クリア</description>
                <name>d_osa_em_phaseerr_cnt</name>
                <propertyFormula></propertyFormula>
                <size>7</size>
                <type>RO</type>
            </bits>
            <bits>
                <bit>0</bit>
                <definition>0: リセット解除 (Default);
1: リセット</definition>
                <description>モータ位置情報カウンタリセット (全bitクリア)</description>
                <name>s_osa_em_poscnt_rst</name>
                <propertyFormula></propertyFormula>
                <size>1</size>
                <type>RW</type>
            </bits>
        </bits>
        <name>Encoder signal 1 [for Debug2]</name>
    </registers>
    <registers>
        <address>0x0424</address>
        <bits>
            <bits>
                <bit>28</bit>
                <definition></definition>
                <description>フォトインタラプタ1検出状態</description>
                <name>d_osa_pi1_det</name>
                <propertyFormula></propertyFormula>
                <size>1</size>
                <type>RO</type>
            </bits>
            <bits>
                <bit>24</bit>
                <definition></definition>
                <description>フォトインタラプタ2検出状態</description>
                <name>d_osa_pi2_det</name>
                <propertyFormula></propertyFormula>
                <size>1</size>
                <type>RO</type>
            </bits>
            <bits>
                <bit>20</bit>
                <definition></definition>
                <description>フォトインタラプタ1 検出エッジ</description>
                <name>s_osa_pi1_edge_sel</name>
                <propertyFormula></propertyFormula>
                <size>1</size>
                <type>RW</type>
            </bits>
            <bits>
                <bit>16</bit>
                <definition></definition>
                <description>フォトインタラプタ2 検出エッジ</description>
                <name>s_osa_pi2_edge_sel</name>
                <propertyFormula></propertyFormula>
                <size>1</size>
                <type>RW</type>
            </bits>
            <bits>
                <bit>4</bit>
                <definition></definition>
                <description>フォトインタラプタ1 無効化</description>
                <name>s_osa_pi1_ignore</name>
                <propertyFormula></propertyFormula>
                <size>1</size>
                <type>RW</type>
            </bits>
            <bits>
                <bit>0</bit>
                <definition></definition>
                <description>フォトインタラプタ2 無効化</description>
                <name>s_osa_pi2_ignore</name>
                <propertyFormula></propertyFormula>
                <size>1</size>
                <type>RW</type>
            </bits>
        </bits>
        <name>Photo Interrupter detection</name>
    </registers>
    <registers>
        <address>0x0425</address>
        <bits>
            <bits>
                <bit>19:0</bit>
                <definition></definition>
                <description>原点位置 エンコーダモータカウント値</description>
                <name>d_osa_em_origin_pos[20:0]</name>
                <propertyFormula></propertyFormula>
                <size>20</size>
                <type>RO</type>
            </bits>
        </bits>
        <name>Motor Position at origin</name>
    </registers>
    <registers>
        <address>0x0426</address>
        <bits>
            <bits>
                <bit>16</bit>
                <definition></definition>
                <description>ロータ初期位置のホールセンサ信号検出エッジ</description>
                <name>s_osa_em_halledge_sel</name>
                <propertyFormula></propertyFormula>
                <size>1</size>
                <type>RW</type>
            </bits>
            <bits>
                <bit>9:0</bit>
                <definition></definition>
                <description>ロータ初期位置(0°) モータステップ数</description>
                <name>d_osa_em_initrotor_pos[10:0]</name>
                <propertyFormula></propertyFormula>
                <size>10</size>
                <type>RO</type>
            </bits>
        </bits>
        <name>Motor steps at initial rotor position</name>
    </registers>
    <registers>
        <address>0x0440</address>
        <bits>
            <bits>
                <bit>0</bit>
                <definition></definition>
                <description>PIDフィルタ リセット</description>
                <name>s_osa_em_pid_reset</name>
                <propertyFormula></propertyFormula>
                <size>1</size>
                <type>RW</type>
            </bits>
        </bits>
        <name>PID filter reset</name>
    </registers>
    <registers>
        <address>0x0444</address>
        <bits>
            <bits>
                <bit>13:0</bit>
                <definition></definition>
                <description>PIDフィルタ 比例係数</description>
                <name>s_osa_pid_proportion[14:0]</name>
                <propertyFormula></propertyFormula>
                <size>14</size>
                <type>RW</type>
            </bits>
        </bits>
        <name>PID Proportionality coefficient</name>
    </registers>
    <registers>
        <address>0x0445</address>
        <bits>
            <bits>
                <bit>13:0</bit>
                <definition></definition>
                <description>PIDフィルタ 積分係数</description>
                <name>s_osa_pid_integration[14:0]</name>
                <propertyFormula></propertyFormula>
                <size>14</size>
                <type>RW</type>
            </bits>
        </bits>
        <name>PID Integral coefficient</name>
    </registers>
    <registers>
        <address>0x0446</address>
        <bits>
            <bits>
                <bit>13:0</bit>
                <definition></definition>
                <description>PIDフィルタ 微分係数</description>
                <name>s_osa_pid_differential[14:0]</name>
                <propertyFormula></propertyFormula>
                <size>14</size>
                <type>RW</type>
            </bits>
        </bits>
        <name>PID Differential coefficient</name>
    </registers>
    <registers>
        <address>0x0447</address>
        <bits>
            <bits>
                <bit>13:0</bit>
                <definition></definition>
                <description>PIDフィルタ 微分サンプリング間隔</description>
                <name>s_osa_pid_diff_interval[14:0]</name>
                <propertyFormula></propertyFormula>
                <size>14</size>
                <type>RW</type>
            </bits>
        </bits>
        <name>PID Diff sampling interval</name>
    </registers>
    <registers>
        <address>0x0448</address>
        <bits>
            <bits>
                <bit>19:16</bit>
                <definition></definition>
                <description> PIDフィルタ 積分値計算ビット幅</description>
                <name>s_osa_pid_intv_clip[4:0]</name>
                <propertyFormula></propertyFormula>
                <size>4</size>
                <type>RW</type>
            </bits>
            <bits>
                <bit>9:0</bit>
                <definition></definition>
                <description>PIDフィルタ 積分項リミット値</description>
                <name>s_osa_pid_int_limit[10:0]</name>
                <propertyFormula></propertyFormula>
                <size>10</size>
                <type>RW</type>
            </bits>
        </bits>
        <name>PID Integral limit / Clipping bit width</name>
    </registers>
    <registers>
        <address>0x0449</address>
        <bits>
            <bits>
                <bit>27:24</bit>
                <definition></definition>
                <description>PIDフィルタ 積分値計算スケーリングファクタ</description>
                <name>s_osa_pid_intv_sfactor[4:0]</name>
                <propertyFormula></propertyFormula>
                <size>4</size>
                <type>RW</type>
            </bits>
            <bits>
                <bit>20:16</bit>
                <definition></definition>
                <description>PIDフィルタ 比例項計算スケーリングファクタ</description>
                <name>s_osa_em_pid_pr_sfactor[5:0]</name>
                <propertyFormula></propertyFormula>
                <size>5</size>
                <type>RW</type>
            </bits>
            <bits>
                <bit>12:8</bit>
                <definition></definition>
                <description>PIDフィルタ 積分項計算スケーリングファクタ</description>
                <name>s_osa_em_pid_int_sfactor[5:0]</name>
                <propertyFormula></propertyFormula>
                <size>5</size>
                <type>RW</type>
            </bits>
            <bits>
                <bit>4:0</bit>
                <definition></definition>
                <description>PIDフィルタ 微分項計算スケーリングファクタ</description>
                <name>s_osa_em_pid_diff_sfactor[5:0]</name>
                <propertyFormula></propertyFormula>
                <size>5</size>
                <type>RW</type>
            </bits>
        </bits>
        <name>PID scaling factor</name>
    </registers>
    <registers>
        <address>0x0460</address>
        <bits>
            <bits>
                <bit>25:24</bit>
                <definition></definition>
                <description>ホールセンサ マニュアル設定値</description>
                <name>s_osa_em_hall_set[2:0]</name>
                <propertyFormula></propertyFormula>
                <size>2</size>
                <type>RW</type>
            </bits>
            <bits>
                <bit>20</bit>
                <definition></definition>
                <description>ホールセンサ信号入力選択</description>
                <name>s_osa_em_hall_sel</name>
                <propertyFormula></propertyFormula>
                <size>1</size>
                <type>RW</type>
            </bits>
            <bits>
                <bit>16</bit>
                <definition></definition>
                <description>エンコーダモータ 駆動方法選択</description>
                <name>s_osa_em_drvpat_sel</name>
                <propertyFormula></propertyFormula>
                <size>1</size>
                <type>RW</type>
            </bits>
            <bits>
                <bit>8</bit>
                <definition></definition>
                <description>ホールセンサ1情報(1:検出、0:未検出)</description>
                <name>d_hall_1</name>
                <propertyFormula></propertyFormula>
                <size>1</size>
                <type>RO</type>
            </bits>
            <bits>
                <bit>4</bit>
                <definition></definition>
                <description>ホールセンサ2情報(1:検出、0:未検出)</description>
                <name>d_hall_2</name>
                <propertyFormula></propertyFormula>
                <size>1</size>
                <type>RO</type>
            </bits>
            <bits>
                <bit>0</bit>
                <definition></definition>
                <description>ホールセンサ3情報(1:検出、0:未検出)</description>
                <name>d_hall_3</name>
                <propertyFormula></propertyFormula>
                <size>1</size>
                <type>RO</type>
            </bits>
        </bits>
        <name>Motor Drive setting</name>
    </registers>
    <registers>
        <address>0x0461</address>
        <bits>
            <bits>
                <bit>28</bit>
                <definition></definition>
                <description> エンコーダモータ 暴走防止無効</description>
                <name>s_osa_em_emergency_ignore</name>
                <propertyFormula></propertyFormula>
                <size>1</size>
                <type>RW</type>
            </bits>
            <bits>
                <bit>24</bit>
                <definition></definition>
                <description> 暴走防止回路 サンプリング周期設定</description>
                <name>s_osa_em_emergency_intvl</name>
                <propertyFormula></propertyFormula>
                <size>1</size>
                <type>RW</type>
            </bits>
            <bits>
                <bit>16:0</bit>
                <definition></definition>
                <description>エンコーダモータ 暴走防止閾値</description>
                <name>s_osa_em_emergency_th[17:0]</name>
                <propertyFormula></propertyFormula>
                <size>17</size>
                <type>RW</type>
            </bits>
        </bits>
        <name>Emergency threshold</name>
    </registers>
    <registers>
        <address>0x0462</address>
        <bits>
            <bits>
                <bit>4</bit>
                <definition></definition>
                <description>ホールセンサ1～3の論理を反転</description>
                <name>s_hall_sensor_not</name>
                <propertyFormula></propertyFormula>
                <size>1</size>
                <type>RW</type>
            </bits>
            <bits>
                <bit>1:0</bit>
                <definition></definition>
                <description>ホールセンサ1～3の順番を組み替え</description>
                <name>s_hall_sensor_order[2:0]</name>
                <propertyFormula></propertyFormula>
                <size>2</size>
                <type>RW</type>
            </bits>
        </bits>
        <name>Hall sensor order</name>
    </registers>
    <registers>
        <address>0x0463</address>
        <bits>
            <bits>
                <bit>16</bit>
                <definition></definition>
                <description>PWM信号マニュアル選択</description>
                <name>s_osa_pwm_manual_sel</name>
                <propertyFormula></propertyFormula>
                <size>1</size>
                <type>RW</type>
            </bits>
            <bits>
                <bit>8:0</bit>
                <definition></definition>
                <description>PWM信号マニュアル設定値 (U相)</description>
                <name>s_osa_pwm_manual_u[9:0]</name>
                <propertyFormula></propertyFormula>
                <size>9</size>
                <type>RW</type>
            </bits>
        </bits>
        <name>PWM manual setting 1</name>
    </registers>
    <registers>
        <address>0x0464</address>
        <bits>
            <bits>
                <bit>24:16</bit>
                <definition></definition>
                <description>PWM信号マニュアル設定値 (V相)</description>
                <name>s_osa_pwm_manual_v[9:0]</name>
                <propertyFormula></propertyFormula>
                <size>9</size>
                <type>RW</type>
            </bits>
            <bits>
                <bit>8:0</bit>
                <definition></definition>
                <description>PWM信号マニュアル設定値 (W相)</description>
                <name>s_osa_pwm_manual_w[9:0]</name>
                <propertyFormula></propertyFormula>
                <size>9</size>
                <type>RW</type>
            </bits>
        </bits>
        <name>PWM manual setting 2</name>
    </registers>
    <registers>
        <address>0x0465</address>
        <bits>
            <bits>
                <bit>9:0</bit>
                <definition></definition>
                <description>PWM duty (dsig値)の上限設定値</description>
                <name>s_osa_pwm_duty_limit[10:0]</name>
                <propertyFormula></propertyFormula>
                <size>10</size>
                <type>RW</type>
            </bits>
        </bits>
        <name>PWM duty limit [for Debug]</name>
    </registers>
    <registers>
        <address>0x1000-0x2000</address>
        <bits>
            <bits>
                <bit>30:0</bit>
                <definition>Value Definition</definition>
                <description>Description</description>
                <name>data</name>
                <propertyFormula></propertyFormula>
                <size>31</size>
                <type>RW</type>
            </bits>
        </bits>
        <description>miyake</description>
        <name>Eye Diagram</name>
    </registers>
    <registers>
        <address>0x1400</address>
        <bits>
            <bits>
                <bit>4</bit>
                <definition>0: スタート後、設定位置よりサンプリング開始 (Default) ;
1: 即座にサンプリング開始</definition>
                <description>サンプリングモード設定</description>
                <name>s_osa_smp_mode</name>
                <propertyFormula></propertyFormula>
                <size>1</size>
                <type>RW</type>
            </bits>
            <bits>
                <bit>0</bit>
                <definition>0: サンプリング停止 (Default);
1: サンプリング開始</definition>
                <description>OSAサンプリングスタート信号</description>
                <name>s_osa_smp_start</name>
                <propertyFormula></propertyFormula>
                <size>1</size>
                <type>RW</type>
            </bits>
        </bits>
        <name>Sampling start</name>
    </registers>
    <registers>
        <address>0x1401</address>
        <bits>
            <bits>
                <bit>19:0</bit>
                <definition></definition>
                <description>サンプリング開始位置。</description>
                <name>s_osa_smp_start_pos</name>
                <propertyFormula></propertyFormula>
                <size>20</size>
                <type>RW</type>
            </bits>
        </bits>
        <name>Sampling start position</name>
    </registers>
    <registers>
        <address>0x1402</address>
        <bits>
            <bits>
                <bit>16:0</bit>
                <definition></definition>
                <description>サンプリングポイント数。</description>
                <name>s_osa_smp_num</name>
                <propertyFormula></propertyFormula>
                <size>17</size>
                <type>RW</type>
            </bits>
        </bits>
        <name>Sampling point num</name>
    </registers>
    <registers>
        <address>0x1420</address>
        <bits>
            <bits>
                <bit>21:20</bit>
                <definition>0(h): Range0;
1(h): Range1;
2(h): Range2;
3(h): Range3;
4(h): Range4;
5-7(h): Unused.</definition>
                <description>初期レンジ設定 (P波)。オートレンジ設定時のみ有効。</description>
                <name>s_osa_p_init_range</name>
                <propertyFormula></propertyFormula>
                <size>2</size>
                <type>RW</type>
            </bits>
            <bits>
                <bit>17:16</bit>
                <definition>0(h): Range0;
1(h): Range1;
2(h): Range2;
3(h): Range3;
4(h): Range4;
5-7(h): Unused.;
</definition>
                <description>初期レンジ設定 (S波)。オートレンジ設定時のみ有効。</description>
                <name>s_osa_s_init_range</name>
                <propertyFormula></propertyFormula>
                <size>2</size>
                <type>RW</type>
            </bits>
            <bits>
                <bit>8</bit>
                <definition>0: オートレンジ設定 (Default);
1 : マニュアル設定</definition>
                <description>レンジ マニュアル設定モードに切り替え。 </description>
                <name>s_osa_range_manual_sel</name>
                <propertyFormula></propertyFormula>
                <size>1</size>
                <type>RW</type>
            </bits>
            <bits>
                <bit>5:4</bit>
                <definition>0(h): Range0;
1(h): Range1;
2(h): Range2;
3(h): Range3;
4(h): Range4;
5-7(h): Unused.</definition>
                <description>レンジ設定 (P波)。レンジマニュアル設定時のみ有効。</description>
                <name>s_osa_p_range_set</name>
                <propertyFormula></propertyFormula>
                <size>2</size>
                <type>RW</type>
            </bits>
            <bits>
                <bit>1:0</bit>
                <definition>0(h): Range0;
1(h): Range1;
2(h): Range2;
3(h): Range3;
4(h): Range4;
5-7(h): Unused.</definition>
                <description>レンジ設定 (S波)。レンジマニュアル設定時のみ有効。</description>
                <name>s_osa_s_range_set</name>
                <propertyFormula></propertyFormula>
                <size>2</size>
                <type>RW</type>
            </bits>
        </bits>
        <name>Range setting</name>
    </registers>
    <registers>
        <address>0x1440</address>
        <bits>
            <bits>
                <bit>30:16</bit>
                <definition></definition>
                <description>レンジ0のオフセット設定 (P波)</description>
                <name>s_osa_smp_p_offset0</name>
                <propertyFormula></propertyFormula>
                <size>15</size>
                <type>RW</type>
            </bits>
            <bits>
                <bit>14:0</bit>
                <definition></definition>
                <description>レンジ0のオフセット設定 (S波)</description>
                <name>s_osa_smp_s_offset0</name>
                <propertyFormula></propertyFormula>
                <size>15</size>
                <type>RW</type>
            </bits>
        </bits>
        <name>Range0 Offset</name>
    </registers>
    <registers>
        <address>0x1441</address>
        <bits>
            <bits>
                <bit>30:16</bit>
                <definition></definition>
                <description>レンジ1のオフセット設定 (P波)</description>
                <name>s_osa_smp_p_offset1</name>
                <propertyFormula></propertyFormula>
                <size>15</size>
                <type>RW</type>
            </bits>
            <bits>
                <bit>14:0</bit>
                <definition></definition>
                <description>レンジ1のオフセット設定 (S波)</description>
                <name>s_osa_smp_s_offset1</name>
                <propertyFormula></propertyFormula>
                <size>15</size>
                <type>RW</type>
            </bits>
        </bits>
        <name>Range1 Offset</name>
    </registers>
    <registers>
        <address>0x1442</address>
        <bits>
            <bits>
                <bit>30:16</bit>
                <definition></definition>
                <description>レンジ2のオフセット設定 (P波)</description>
                <name>s_osa_smp_p_offset2</name>
                <propertyFormula></propertyFormula>
                <size>15</size>
                <type>RW</type>
            </bits>
            <bits>
                <bit>14:0</bit>
                <definition></definition>
                <description>レンジ2のオフセット設定 (S波)</description>
                <name>s_osa_smp_s_offset2</name>
                <propertyFormula></propertyFormula>
                <size>15</size>
                <type>RW</type>
            </bits>
        </bits>
        <name>Range2 Offset</name>
    </registers>
    <registers>
        <address>0x1443</address>
        <bits>
            <bits>
                <bit>30:16</bit>
                <definition></definition>
                <description>レンジ3のオフセット設定 (P波)</description>
                <name>s_osa_smp_p_offset3</name>
                <propertyFormula></propertyFormula>
                <size>15</size>
                <type>RW</type>
            </bits>
            <bits>
                <bit>14:0</bit>
                <definition></definition>
                <description>レンジ3のオフセット設定 (S波)</description>
                <name>s_osa_smp_s_offset3</name>
                <propertyFormula></propertyFormula>
                <size>15</size>
                <type>RW</type>
            </bits>
        </bits>
        <name>Range3 Offset</name>
    </registers>
    <registers>
        <address>0x1444</address>
        <bits>
            <bits>
                <bit>30:16</bit>
                <definition></definition>
                <description>レンジ4のオフセット設定 (P波)</description>
                <name>s_osa_smp_p_offset4</name>
                <propertyFormula></propertyFormula>
                <size>15</size>
                <type>RW</type>
            </bits>
            <bits>
                <bit>14:0</bit>
                <definition></definition>
                <description>レンジ4のオフセット設定 (S波)</description>
                <name>s_osa_smp_s_offset4</name>
                <propertyFormula></propertyFormula>
                <size>15</size>
                <type>RW</type>
            </bits>
        </bits>
        <name>Range4 Offset</name>
    </registers>
    <registers>
        <address>0x1460</address>
        <bits>
            <bits>
                <bit>30:16</bit>
                <definition></definition>
                <description>レンジ0 Up (レンジ0→1)切替え閾値 (P波)</description>
                <name>s_osa_smp_p_upth0</name>
                <propertyFormula></propertyFormula>
                <size>15</size>
                <type>RW</type>
            </bits>
            <bits>
                <bit>14:0</bit>
                <definition></definition>
                <description>レンジ0 Up (レンジ0→1)切替え閾値 (S波)</description>
                <name>s_osa_smp_s_upth0</name>
                <propertyFormula></propertyFormula>
                <size>15</size>
                <type>RW</type>
            </bits>
        </bits>
        <name>Range0 Up Threshold</name>
    </registers>
    <registers>
        <address>0x1462</address>
        <bits>
            <bits>
                <bit>30:16</bit>
                <definition></definition>
                <description>レンジ1 Up (レンジ1→2)切替え閾値 (P波)</description>
                <name>s_osa_smp_p_upth1</name>
                <propertyFormula></propertyFormula>
                <size>15</size>
                <type>RW</type>
            </bits>
            <bits>
                <bit>14:0</bit>
                <definition></definition>
                <description>レンジ1 Up (レンジ1→2)切替え閾値 (S波)</description>
                <name>s_osa_smp_s_upth1</name>
                <propertyFormula></propertyFormula>
                <size>15</size>
                <type>RW</type>
            </bits>
        </bits>
        <name>Range1 Up Threshold</name>
    </registers>
    <registers>
        <address>0x1463</address>
        <bits>
            <bits>
                <bit>30:16</bit>
                <definition></definition>
                <description>レンジ1 Down (レンジ1→0)切替え閾値 (P波)</description>
                <name>s_osa_smp_p_dwnth1</name>
                <propertyFormula></propertyFormula>
                <size>15</size>
                <type>RW</type>
            </bits>
            <bits>
                <bit>14:0</bit>
                <definition></definition>
                <description>レンジ1 Down (レンジ1→0)切替え閾値 (S波)</description>
                <name>s_osa_smp_s_dwnth1</name>
                <propertyFormula></propertyFormula>
                <size>15</size>
                <type>RW</type>
            </bits>
        </bits>
        <name>Range1 Down Threshold</name>
    </registers>
    <registers>
        <address>0x1464</address>
        <bits>
            <bits>
                <bit>30:16</bit>
                <definition></definition>
                <description>レンジ2 Up (レンジ2→3)切替え閾値 (P波)</description>
                <name>s_osa_smp_p_upth2</name>
                <propertyFormula></propertyFormula>
                <size>15</size>
                <type>RW</type>
            </bits>
            <bits>
                <bit>14:0</bit>
                <definition></definition>
                <description>レンジ2 Up (レンジ2→3)切替え閾値 (S波)</description>
                <name>s_osa_smp_s_upth2</name>
                <propertyFormula></propertyFormula>
                <size>15</size>
                <type>RW</type>
            </bits>
        </bits>
        <name>Range2 Up Threshold</name>
    </registers>
    <registers>
        <address>0x1465</address>
        <bits>
            <bits>
                <bit>30:16</bit>
                <definition></definition>
                <description>レンジ2 Down (レンジ2→1)切替え閾値 (P波)</description>
                <name>s_osa_smp_p_dwnth2</name>
                <propertyFormula></propertyFormula>
                <size>15</size>
                <type>RW</type>
            </bits>
            <bits>
                <bit>14:0</bit>
                <definition></definition>
                <description>レンジ2 Down (レンジ2→1)切替え閾値 (S波)</description>
                <name>s_osa_smp_s_dwnth2</name>
                <propertyFormula></propertyFormula>
                <size>15</size>
                <type>RW</type>
            </bits>
        </bits>
        <name>Range2 Down Threshold</name>
    </registers>
    <registers>
        <address>0x1466</address>
        <bits>
            <bits>
                <bit>30:16</bit>
                <definition></definition>
                <description>レンジ3 Up (レンジ3→4)切替え閾値 (P波)</description>
                <name>s_osa_smp_p_upth3</name>
                <propertyFormula></propertyFormula>
                <size>15</size>
                <type>RW</type>
            </bits>
            <bits>
                <bit>14:0</bit>
                <definition></definition>
                <description>レンジ3 Up (レンジ3→4)切替え閾値 (S波)</description>
                <name>s_osa_smp_s_upth3</name>
                <propertyFormula></propertyFormula>
                <size>15</size>
                <type>RW</type>
            </bits>
        </bits>
        <name>Range3 Up Threshold</name>
    </registers>
    <registers>
        <address>0x1467</address>
        <bits>
            <bits>
                <bit>30:16</bit>
                <definition></definition>
                <description>レンジ3 Down (レンジ3→2)切替え閾値 (P波)</description>
                <name>s_osa_smp_p_dwnth3</name>
                <propertyFormula></propertyFormula>
                <size>15</size>
                <type>RW</type>
            </bits>
            <bits>
                <bit>14:0</bit>
                <definition></definition>
                <description>レンジ3 Down (レンジ3→2)切替え閾値 (S波)</description>
                <name>s_osa_smp_s_dwnth3</name>
                <propertyFormula></propertyFormula>
                <size>15</size>
                <type>RW</type>
            </bits>
        </bits>
        <name>Range3 Down Threshold</name>
    </registers>
    <registers>
        <address>0x1469</address>
        <bits>
            <bits>
                <bit>30:16</bit>
                <definition></definition>
                <description>レンジ4 Down (レンジ4→3)切替え閾値 (P波)</description>
                <name>s_osa_smp_p_dwnth4</name>
                <propertyFormula></propertyFormula>
                <size>15</size>
                <type>RW</type>
            </bits>
            <bits>
                <bit>14:0</bit>
                <definition></definition>
                <description>レンジ4 Down (レンジ4→3)切替え閾値 (S波)</description>
                <name>s_osa_smp_s_dwnth4</name>
                <propertyFormula></propertyFormula>
                <size>15</size>
                <type>RW</type>
            </bits>
        </bits>
        <name>Range4 Down Threshold</name>
    </registers>
    <registers>
        <address>0x1480</address>
        <bits>
            <bits>
                <bit>0</bit>
                <definition></definition>
                <description>OSA Data RAMリードフラグ信号</description>
                <name>d_osa_dpram_rd_flg</name>
                <propertyFormula></propertyFormula>
                <size>1</size>
                <type>RW</type>
            </bits>
        </bits>
        <name>OSA RAM read flag</name>
    </registers>
    <registers>
        <address>0x1600</address>
        <bits>
            <bits>
                <bit>11</bit>
                <definition></definition>
                <description>when set performs a read0x01</description>
                <name>s_osa_eeprom_cmd[3]</name>
                <propertyFormula></propertyFormula>
                <size>1</size>
                <type>WO</type>
            </bits>
            <bits>
                <bit>10</bit>
                <definition></definition>
                <description>when set initiates a start or “continue” transfer</description>
                <name>s_osa_eeprom_cmd[2]</name>
                <propertyFormula></propertyFormula>
                <size>1</size>
                <type>WO</type>
            </bits>
            <bits>
                <bit>9</bit>
                <definition></definition>
                <description>when set terminates the transfer with a stop condition</description>
                <name>s_osa_eeprom_cmd[1]</name>
                <propertyFormula></propertyFormula>
                <size>1</size>
                <type>WO</type>
            </bits>
            <bits>
                <bit>8</bit>
                <definition></definition>
                <description>when set initiates a repeated start transfer</description>
                <name>s_osa_eeprom_cmd[0]</name>
                <propertyFormula></propertyFormula>
                <size>1</size>
                <type>WO</type>
            </bits>
            <bits>
                <bit>6:0</bit>
                <definition></definition>
                <description>Data to be transferred during a command.</description>
                <name>s_osa_eeprom_wdata</name>
                <propertyFormula></propertyFormula>
                <size>7</size>
                <type>WO</type>
            </bits>
        </bits>
        <name>EEPROM_I2C (OSA Calib ROM)</name>
    </registers>
    <registers>
        <address>0x1601</address>
        <bits>
            <bits>
                <bit>31:0</bit>
                <definition>new bit</definition>
                <description>new bit</description>
                <name>new bit</name>
                <propertyFormula></propertyFormula>
                <size>32</size>
                <type>RW</type>
            </bits>
        </bits>
        <name>New Register</name>
    </registers>
    <registers>
        <address>0x3000</address>
        <bits>
            <bits>
                <bit>31:16</bit>
                <definition>Value Definition</definition>
                <description>Sampling Trigger</description>
                <name>Trigger</name>
                <propertyFormula></propertyFormula>
                <size>16</size>
                <type>RW</type>
            </bits>
            <bits>
                <bit>7:4</bit>
                <definition>Value Definition</definition>
                <description>Clear</description>
                <name>Data Clear</name>
                <propertyFormula></propertyFormula>
                <size>4</size>
                <type>RW</type>
            </bits>
            <bits>
                <bit>3:0</bit>
                <definition>Value Definition</definition>
                <description>Start</description>
                <name>Start/Stop</name>
                <propertyFormula></propertyFormula>
                <size>4</size>
                <type>RW</type>
            </bits>
        </bits>
        <description>aaaa</description>
        <name>OSC Control</name>
    </registers>
    <registers>
        <address>0x3004</address>
        <bits>
            <bits>
                <bit>3:0</bit>
                <definition>Value Definition</definition>
                <description>Description</description>
                <name>Start/Stop</name>
                <propertyFormula></propertyFormula>
                <size>4</size>
                <type>RW</type>
            </bits>
        </bits>
        <description>aaaa</description>
        <name>PPG Control</name>
    </registers>
    <registers>
        <address>0x3008</address>
        <bits>
            <bits>
                <bit>14:0</bit>
                <definition>Value Definition</definition>
                <description>Description</description>
                <name>Bit Rate</name>
                <propertyFormula></propertyFormula>
                <size>15</size>
                <type>RW</type>
            </bits>
        </bits>
        <description>aaaa</description>
        <name>ED Control</name>
    </registers>
    <registers>
        <address>0x3010</address>
        <bits>
            <bits>
                <bit>30:0</bit>
                <definition>Value Definition</definition>
                <description>Description</description>
                <name>Bit Rate</name>
                <propertyFormula></propertyFormula>
                <size>31</size>
                <type>RW</type>
            </bits>
        </bits>
        <description>aaaa</description>
        <name>PPG Bitrate</name>
    </registers>
    <registers>
        <address>0x03FFC</address>
        <bits>
            <bits>
                <bit>22:16</bit>
                <definition></definition>
                <description>正弦波整流補正データ (U相)</description>
                <name>s_osa_em_sinecalib_u</name>
                <propertyFormula></propertyFormula>
                <size>7</size>
                <type>RW</type>
            </bits>
            <bits>
                <bit>14:8</bit>
                <definition></definition>
                <description>正弦波整流補正データ (V相)</description>
                <name>s_osa_em_sinecalib_v</name>
                <propertyFormula></propertyFormula>
                <size>7</size>
                <type>RW</type>
            </bits>
            <bits>
                <bit>6:0</bit>
                <definition></definition>
                <description>正弦波整流補正データ (W相)</description>
                <name>s_osa_em_sinecalib_w</name>
                <propertyFormula></propertyFormula>
                <size>7</size>
                <type>RW</type>
            </bits>
        </bits>
        <name>Sinusoidal calib data</name>
    </registers>
    <registers>
        <address>0x7000</address>
        <bits>
            <bits>
                <bit>31:0</bit>
                <definition>new bit</definition>
                <description>new bit</description>
                <name>OTDR Trace Data</name>
                <propertyFormula></propertyFormula>
                <size>32</size>
                <type>RW</type>
            </bits>
        </bits>
        <name>OTDR Trace Data</name>
    </registers>
    <registers>
        <address>0x8000-0x7FFF</address>
        <bits>
            <bits>
                <bit>30:0</bit>
                <definition>Value Definition</definition>
                <description>Description</description>
                <name>data</name>
                <propertyFormula></propertyFormula>
                <size>31</size>
                <type>RO</type>
            </bits>
        </bits>
        <description>aaaa</description>
        <name>OSA RAM Data</name>
    </registers>
</registerProperty>
