<?xml version="1.0" encoding="UTF-8" standalone="yes"?>
<registerProperty>
    <registers>
        <address>0x000001</address>
        <bits>
            <bits>
                <bit>0</bit>
                <definition>new bit</definition>
                <description>new bit</description>
                <name>test start</name>
                <propertyFormula></propertyFormula>
                <size>1</size>
                <type>RW</type>
            </bits>
        </bits>
        <description>New</description>
        <name>otdr test control</name>
    </registers>
    <registers>
        <address>0x1</address>
        <bits/>
        <name>Dummy</name>
    </registers>
    <registers>
        <address>0x000002</address>
        <bits>
            <bits>
                <bit>4</bit>
                <definition>new bit</definition>
                <description>new bit</description>
                <name>setup</name>
                <propertyFormula></propertyFormula>
                <size>1</size>
                <type>RW</type>
            </bits>
            <bits>
                <bit>3</bit>
                <definition>new bit</definition>
                <description>new bit</description>
                <name>loa</name>
                <propertyFormula></propertyFormula>
                <size>1</size>
                <type>RW</type>
            </bits>
            <bits>
                <bit>2</bit>
                <definition>new bit</definition>
                <description>new bit</description>
                <name>save</name>
                <propertyFormula></propertyFormula>
                <size>1</size>
                <type>RW</type>
            </bits>
            <bits>
                <bit>1</bit>
                <definition>new bit</definition>
                <description>new bit</description>
                <name>realtime</name>
                <propertyFormula></propertyFormula>
                <size>1</size>
                <type>RW</type>
            </bits>
            <bits>
                <bit>0</bit>
                <definition>new bit</definition>
                <description>new bit</description>
                <name>average</name>
                <propertyFormula></propertyFormula>
                <size>1</size>
                <type>RW</type>
            </bits>
        </bits>
        <description>New</description>
        <name>otdr hardkey</name>
    </registers>
    <registers>
        <address>0x000003</address>
        <bits>
            <bits>
                <bit>1</bit>
                <definition>new bit</definition>
                <description>new bit</description>
                <name>trace ready</name>
                <propertyFormula></propertyFormula>
                <size>1</size>
                <type>RW</type>
            </bits>
            <bits>
                <bit>0</bit>
                <definition>new bit</definition>
                <description>new bit</description>
                <name>error occurs</name>
                <propertyFormula></propertyFormula>
                <size>1</size>
                <type>RW</type>
            </bits>
        </bits>
        <description>New</description>
        <name>otdr interrupt status</name>
    </registers>
    <registers>
        <address>0x00010-0x00020</address>
        <bits/>
        <description>New</description>
        <name>otdr trace data</name>
    </registers>
    <registers>
        <address>0x000100</address>
        <bits/>
        <description>New</description>
        <name>eye diagram</name>
    </registers>
    <registers>
        <address>0x102</address>
        <bits>
            <bits>
                <bit>5:4</bit>
                <definition>new bit</definition>
                <description>new bit</description>
                <name>Bit Rate</name>
                <propertyFormula></propertyFormula>
                <size>2</size>
                <type>RW</type>
            </bits>
            <bits>
                <bit>3:2</bit>
                <definition>new bit</definition>
                <description>new bit</description>
                <name>Start Stop</name>
                <propertyFormula></propertyFormula>
                <size>2</size>
                <type>RW</type>
            </bits>
            <bits>
                <bit>1:0</bit>
                <definition>new bit</definition>
                <description>new bit</description>
                <name>Test Pattern</name>
                <propertyFormula></propertyFormula>
                <size>2</size>
                <type>RW</type>
            </bits>
        </bits>
        <name>PPG Control</name>
    </registers>
    <registers>
        <address>0x000101</address>
        <bits>
            <bits>
                <bit>2</bit>
                <definition>new bit</definition>
                <description>new bit</description>
                <name>trigger</name>
                <propertyFormula></propertyFormula>
                <size>1</size>
                <type>RW</type>
            </bits>
            <bits>
                <bit>1</bit>
                <definition>new bit</definition>
                <description>new bit</description>
                <name>data clear</name>
                <propertyFormula></propertyFormula>
                <size>1</size>
                <type>RW</type>
            </bits>
            <bits>
                <bit>0</bit>
                <definition>new bit</definition>
                <description>new bit</description>
                <name>startstop</name>
                <propertyFormula></propertyFormula>
                <size>1</size>
                <type>RW</type>
            </bits>
        </bits>
        <description>New</description>
        <name>OSC Control</name>
    </registers>
</registerProperty>
