{"registers":{"4":{"name":"TEST_CONTROL","description":null,"address":"0x4","bits":{"bits":[{"name":"TEST","bit":"4","type":"RW","description":"Auto-added","definition":"","propertyFormula":"","size":1},{"name":"PAUSE","bit":"3","type":"RW","description":"Auto-added","definition":"","propertyFormula":"","size":1},{"name":"STOP","bit":"1","type":"RO","description":"Auto-added","definition":"","propertyFormula":"","size":1},{"name":"START","bit":"0","type":"RW","description":"Auto-added","definition":"","propertyFormula":"","size":1}]}},"8":{"name":"TEST_SETUP","description":null,"address":"0x8","bits":{"bits":[{"name":"SETUP","bit":"31:0","type":"RW","description":"Auto-added","definition":"","propertyFormula":"","size":32}]}},"12":{"name":"HARDKEY","description":"description","address":"0xc","bits":{"bits":[{"name":"REALTIME","bit":"1","type":"RW","description":"Auto-added","definition":"","propertyFormula":"","size":1},{"name":"AVERAGE","bit":"0","type":"RW","description":"Auto-added","definition":"","propertyFormula":"","size":1}]}},"256":{"name":"DATA","description":"description","address":"0x100-0x200","bits":{"bits":[{"name":"NEW1546957728577","bit":"31:0","type":"RW","description":"Auto-added","definition":"","propertyFormula":"","size":32}]}}},"registerWidth":32}
