{"registers":{"4":{"name":"test control","description":null,"address":"0x4","bits":{"bits":[{"name":"test","bit":"4","type":"RW","description":"Auto-added","definition":"","propertyFormula":"","size":1},{"name":"pause","bit":"3","type":"RW","description":"Auto-added","definition":"","propertyFormula":"","size":1},{"name":"stop","bit":"1","type":"RO","description":"Auto-added","definition":"","propertyFormula":"","size":1},{"name":"start","bit":"0","type":"RW","description":"Auto-added","definition":"","propertyFormula":"","size":1}]}},"8":{"name":"test setup","description":null,"address":"0x8","bits":{"bits":[{"name":"setup","bit":"31:0","type":"RW","description":"Auto-added","definition":"","propertyFormula":"","size":32}]}},"12":{"name":"hardkey","description":"description","address":"0xc","bits":{"bits":[{"name":"realtime","bit":"1","type":"RW","description":"Auto-added","definition":"","propertyFormula":"","size":1},{"name":"average","bit":"0","type":"RW","description":"Auto-added","definition":"","propertyFormula":"","size":1}]}},"256":{"name":"data","description":"description","address":"0x100-0x200","bits":{"bits":[]}}},"registerWidth":32}
