<?xml version="1.0" encoding="UTF-8" standalone="yes"?>
<registerProperty>
    <registers>
        <address>0x00</address>
        <bits>
            <bits>
                <bit>0</bit>
                <definition>new bit</definition>
                <description>new bit</description>
                <name>test start</name>
                <propertyFormula></propertyFormula>
                <size>1</size>
                <type>RW</type>
            </bits>
        </bits>
        <description>New</description>
        <name>otdr test control</name>
    </registers>
    <registers>
        <address>0x00001</address>
        <bits>
            <bits>
                <bit>4</bit>
                <definition>new bit</definition>
                <description>new bit</description>
                <name>Setup</name>
                <propertyFormula></propertyFormula>
                <size>1</size>
                <type>RW</type>
            </bits>
            <bits>
                <bit>3</bit>
                <definition>new bit</definition>
                <description>new bit</description>
                <name>Load</name>
                <propertyFormula></propertyFormula>
                <size>1</size>
                <type>RW</type>
            </bits>
            <bits>
                <bit>2</bit>
                <definition>new bit</definition>
                <description>new bit</description>
                <name>Save</name>
                <propertyFormula></propertyFormula>
                <size>1</size>
                <type>RW</type>
            </bits>
            <bits>
                <bit>1</bit>
                <definition>new bit</definition>
                <description>new bit</description>
                <name>Realtime</name>
                <propertyFormula></propertyFormula>
                <size>1</size>
                <type>RW</type>
            </bits>
            <bits>
                <bit>0</bit>
                <definition>new bit</definition>
                <description>new bit</description>
                <name>Average</name>
                <propertyFormula></propertyFormula>
                <size>1</size>
                <type>RW</type>
            </bits>
        </bits>
        <name>Hardkey</name>
    </registers>
    <registers>
        <address>0x2</address>
        <bits/>
        <name>OTDR deummhy</name>
    </registers>
    <registers>
        <address>0x00010</address>
        <bits>
            <bits>
                <bit>1</bit>
                <definition>new bit</definition>
                <description>new bit</description>
                <name>error occurs</name>
                <propertyFormula></propertyFormula>
                <size>1</size>
                <type>RW</type>
            </bits>
            <bits>
                <bit>0</bit>
                <definition>new bit</definition>
                <description>new bit</description>
                <name>trace data ready</name>
                <propertyFormula></propertyFormula>
                <size>1</size>
                <type>RW</type>
            </bits>
        </bits>
        <description>New</description>
        <name>otdr interrupt status</name>
    </registers>
    <registers>
        <address>0x00020-0x00030</address>
        <bits>
            <bits>
                <bit>31:0</bit>
                <definition>new bit</definition>
                <description>new bit</description>
                <name>data</name>
                <propertyFormula></propertyFormula>
                <size>32</size>
                <type>RW</type>
            </bits>
        </bits>
        <name>addr otdrtracedata</name>
    </registers>
    <registers>
        <address>0x21</address>
        <bits>
            <bits>
                <bit>31:0</bit>
                <definition>new bit</definition>
                <description>new bit</description>
                <name>data</name>
                <propertyFormula></propertyFormula>
                <size>32</size>
                <type>RW</type>
            </bits>
        </bits>
        <name>addr eyediagram</name>
    </registers>
    <registers>
        <address>0x22</address>
        <bits>
            <bits>
                <bit>2</bit>
                <definition>new bit</definition>
                <description>new bit</description>
                <name>DataClear</name>
                <propertyFormula></propertyFormula>
                <size>1</size>
                <type>RW</type>
            </bits>
            <bits>
                <bit>1</bit>
                <definition>new bit</definition>
                <description>new bit</description>
                <name>Trigger</name>
                <propertyFormula></propertyFormula>
                <size>1</size>
                <type>RW</type>
            </bits>
            <bits>
                <bit>0</bit>
                <definition>new bit</definition>
                <description>new bit</description>
                <name>start stop</name>
                <propertyFormula></propertyFormula>
                <size>1</size>
                <type>RW</type>
            </bits>
        </bits>
        <name>OSCControl </name>
    </registers>
    <registers>
        <address>0x23</address>
        <bits>
            <bits>
                <bit>3:2</bit>
                <definition>new bit</definition>
                <description>new bit</description>
                <name>BitRate</name>
                <propertyFormula></propertyFormula>
                <size>2</size>
                <type>RW</type>
            </bits>
            <bits>
                <bit>1</bit>
                <definition>new bit</definition>
                <description>new bit</description>
                <name>StartStop</name>
                <propertyFormula></propertyFormula>
                <size>1</size>
                <type>RW</type>
            </bits>
            <bits>
                <bit>0</bit>
                <definition>new bit</definition>
                <description>new bit</description>
                <name>TestPattern</name>
                <propertyFormula></propertyFormula>
                <size>1</size>
                <type>RW</type>
            </bits>
        </bits>
        <name>PPGControl</name>
    </registers>
</registerProperty>
