<?xml version="1.0" encoding="UTF-8" standalone="yes"?>
<svTexHolder>
    <chapter></chapter>
    <header></header>
    <map>
        <entry>
            <key>Section</key>
            <value>
                <array>
                    <async>true</async>
                    <asyncCompleteCondition>ID_SERVER_STATE.Value=ID_SERVER_STATE_IDLE</asyncCompleteCondition>
                    <command>STARt:AVERaging:TEST</command>
                    <comment></comment>
                    <description>! アベレージ測定の開始 </description>
                    <errors></errors>
                    <example>STARt:AVERaging:TEST </example>
                    <execid>eSimpleSetParameter</execid>
                    <hasPair>false</hasPair>
                    <max></max>
                    <min></min>
                    <note>This is an asyncronous command.
Please wait for completion with *OPC? command</note>
                    <parameterCountValid>false</parameterCountValid>
                    <parameterDescriptionValid>false</parameterDescriptionValid>
                    <parameters></parameters>
                    <params></params>
                    <response>None.</response>
                    <section>Section</section>
                    <syntax>STARt:AVERaging:TEST </syntax>
                    <vlist>ID_START_AVERAGING_TEST</vlist>
                </array>
                <array>
                    <async>false</async>
                    <asyncCompleteCondition></asyncCompleteCondition>
                    <command>OSA:STARt:WAVelength:NM</command>
                    <comment></comment>
                    <description>掃引範囲の開始波長(nm)</description>
                    <errors></errors>
                    <example>OSA:STARt:WAVelength:NM 1250</example>
                    <execid>eSimpleSetParameter</execid>
                    <hasPair>true</hasPair>
                    <max></max>
                    <min></min>
                    <note></note>
                    <parameterCountValid>false</parameterCountValid>
                    <parameterDescriptionValid>false</parameterDescriptionValid>
                    <parameters>$&lt;$NUMERIC PROGRAM DATA$&gt;$
Range : 1250nm to 1650nm
</parameters>
                    <params>{MINimum=1250,MAXimum=1650,DEFault=1250, &lt;value&gt;</params>
                    <response>None.</response>
                    <section>Section</section>
                    <syntax>OSA:STARt:WAVelength:NM $&lt;$param$&gt;$</syntax>
                    <vlist>ID_OSA_START_WAVELENGTH_NM</vlist>
                </array>
                <array>
                    <async>false</async>
                    <asyncCompleteCondition></asyncCompleteCondition>
                    <command>OSA:STARt:WAVelength:NM?</command>
                    <comment></comment>
                    <description>掃引範囲の開始波長(nm)</description>
                    <errors></errors>
                    <example>OSA:STARt:WAVelength:NM? -&gt; 1250</example>
                    <execid>eSimpleGetParameter</execid>
                    <hasPair>false</hasPair>
                    <max></max>
                    <min></min>
                    <note></note>
                    <parameterCountValid>true</parameterCountValid>
                    <parameterDescriptionValid>false</parameterDescriptionValid>
                    <parameters>None.</parameters>
                    <params>{MINimum=1250,MAXimum=1650,DEFault=1250, &lt;value&gt;</params>
                    <response>$&lt;$NUMERIC PROGRAM DATA$&gt;$
Range : 1250nm to 1650nm
</response>
                    <section>Section</section>
                    <syntax>OSA:STARt:WAVelength:NM?</syntax>
                    <vlist>ID_OSA_START_WAVELENGTH_NM</vlist>
                </array>
                <array>
                    <async>false</async>
                    <asyncCompleteCondition></asyncCompleteCondition>
                    <command>OSA:BAND</command>
                    <comment></comment>
                    <description>掃引範囲をバンドから設定します</description>
                    <errors></errors>
                    <example>OSA:BAND AUTODETECT</example>
                    <execid>eSimpleSetParameter</execid>
                    <hasPair>true</hasPair>
                    <max></max>
                    <min></min>
                    <note></note>
                    <parameterCountValid>false</parameterCountValid>
                    <parameterDescriptionValid>false</parameterDescriptionValid>
                    <parameters>$&lt;$CHARACTER PROGRAM DATA$&gt;$
AUTo : Auto Detect
O : Original (1260-1360nm)
E : Extended (1360-1460nm)
S : Short (1460-1530nm)
C : Conventional (1530-1565nm)
L : Long (1565-1625nm)
CL : C+L (1530-1625nm)
FULL : 1250nm-1650nm
USER : User Defined
</parameters>
                    <params>{AUTo=ID_OSA_BAND_AUTO_DETECT,O=ID_OSA_BAND_O,E=ID_OSA_BAND_E,S=ID_OSA_BAND_S,C=ID_OSA_BAND_C,L=ID_OSA_BAND_L,CL=ID_OSA_BAND_CL,FULL=ID_OSA_BAND_FULL,USER=ID_OSA_BAND_USER}</params>
                    <response>None.</response>
                    <section>Section</section>
                    <syntax>OSA:BAND $&lt;$param$&gt;$</syntax>
                    <vlist>ID_OSA_BAND</vlist>
                </array>
                <array>
                    <async>false</async>
                    <asyncCompleteCondition></asyncCompleteCondition>
                    <command>OSA:BAND?</command>
                    <comment></comment>
                    <description>掃引範囲をバンドから設定します</description>
                    <errors></errors>
                    <example>OSA:BAND? -&gt; AUTODETECT</example>
                    <execid>eSimpleGetParameter</execid>
                    <hasPair>false</hasPair>
                    <max></max>
                    <min></min>
                    <note></note>
                    <parameterCountValid>true</parameterCountValid>
                    <parameterDescriptionValid>false</parameterDescriptionValid>
                    <parameters>None.</parameters>
                    <params>{AUTo=ID_OSA_BAND_AUTO_DETECT,O=ID_OSA_BAND_O,E=ID_OSA_BAND_E,S=ID_OSA_BAND_S,C=ID_OSA_BAND_C,L=ID_OSA_BAND_L,CL=ID_OSA_BAND_CL,FULL=ID_OSA_BAND_FULL,USER=ID_OSA_BAND_USER}</params>
                    <response>$&lt;$CHARACTER PROGRAM DATA$&gt;$
AUTo : Auto Detect
O : Original (1260-1360nm)
E : Extended (1360-1460nm)
S : Short (1460-1530nm)
C : Conventional (1530-1565nm)
L : Long (1565-1625nm)
CL : C+L (1530-1625nm)
FULL : 1250nm-1650nm
USER : User Defined
</response>
                    <section>Section</section>
                    <syntax>OSA:BAND?</syntax>
                    <vlist>ID_OSA_BAND</vlist>
                </array>
                <array>
                    <async>false</async>
                    <asyncCompleteCondition></asyncCompleteCondition>
                    <command>OSA:SWEep:TYPe</command>
                    <comment></comment>
                    <description>掃引方法を選択します。</description>
                    <errors></errors>
                    <example>OSA:SWEep:TYPe SINGLE</example>
                    <execid>eSimpleSetParameter</execid>
                    <hasPair>true</hasPair>
                    <max></max>
                    <min></min>
                    <note></note>
                    <parameterCountValid>false</parameterCountValid>
                    <parameterDescriptionValid>false</parameterDescriptionValid>
                    <parameters>$&lt;$CHARACTER PROGRAM DATA$&gt;$
SINGle : Single
REPeat : Repeat
AVERage : Average
INBand : In-Band
</parameters>
                    <params>{SINGle=ID_OSA_SWEEP_TYPE_SINGLE,REPeat=ID_OSA_SWEEP_TYPE_REPEAT,AVERage=ID_OSA_SWEEP_TYPE_AVERAGE,INBand=ID_OSA_SWEEP_TYPE_INBAND}</params>
                    <response>None.</response>
                    <section>Section</section>
                    <syntax>OSA:SWEep:TYPe $&lt;$param$&gt;$</syntax>
                    <vlist>ID_OSA_SWEEP_TYPE</vlist>
                </array>
                <array>
                    <async>false</async>
                    <asyncCompleteCondition></asyncCompleteCondition>
                    <command>OSA:SWEep:TYPe?</command>
                    <comment></comment>
                    <description>掃引方法を選択します。</description>
                    <errors></errors>
                    <example>OSA:SWEep:TYPe? -&gt; SINGLE</example>
                    <execid>eSimpleGetParameter</execid>
                    <hasPair>false</hasPair>
                    <max></max>
                    <min></min>
                    <note></note>
                    <parameterCountValid>true</parameterCountValid>
                    <parameterDescriptionValid>false</parameterDescriptionValid>
                    <parameters>None.</parameters>
                    <params>{SINGle=ID_OSA_SWEEP_TYPE_SINGLE,REPeat=ID_OSA_SWEEP_TYPE_REPEAT,AVERage=ID_OSA_SWEEP_TYPE_AVERAGE,INBand=ID_OSA_SWEEP_TYPE_INBAND}</params>
                    <response>$&lt;$CHARACTER PROGRAM DATA$&gt;$
SINGle : Single
REPeat : Repeat
AVERage : Average
INBand : In-Band
</response>
                    <section>Section</section>
                    <syntax>OSA:SWEep:TYPe?</syntax>
                    <vlist>ID_OSA_SWEEP_TYPE</vlist>
                </array>
                <array>
                    <async>false</async>
                    <asyncCompleteCondition></asyncCompleteCondition>
                    <command>JOBid</command>
                    <comment></comment>
                    <description></description>
                    <errors></errors>
                    <example>JOBid &quot;&quot;</example>
                    <execid>eSimpleSetParameter</execid>
                    <hasPair>true</hasPair>
                    <max></max>
                    <min></min>
                    <note></note>
                    <parameterCountValid>false</parameterCountValid>
                    <parameterDescriptionValid>true</parameterDescriptionValid>
                    <parameters>$&lt;$CHARACTER PROGRAM DATA$&gt;$</parameters>
                    <params></params>
                    <response>None.</response>
                    <section>Section</section>
                    <syntax>JOBid $&lt;$param$&gt;$</syntax>
                    <vlist>ID_JOBID</vlist>
                </array>
                <array>
                    <async>false</async>
                    <asyncCompleteCondition></asyncCompleteCondition>
                    <command>JOBid?</command>
                    <comment></comment>
                    <description></description>
                    <errors></errors>
                    <example>JOBid? -&gt; &quot;&quot;</example>
                    <execid>eSimpleGetParameter</execid>
                    <hasPair>false</hasPair>
                    <max></max>
                    <min></min>
                    <note></note>
                    <parameterCountValid>false</parameterCountValid>
                    <parameterDescriptionValid>false</parameterDescriptionValid>
                    <parameters>None.</parameters>
                    <params></params>
                    <response>$&lt;$CHARACTER PROGRAM DATA$&gt;$</response>
                    <section>Section</section>
                    <syntax>JOBid?</syntax>
                    <vlist>ID_JOBID</vlist>
                </array>
                <array>
                    <async>false</async>
                    <asyncCompleteCondition></asyncCompleteCondition>
                    <command>OSA:RBW</command>
                    <comment></comment>
                    <description></description>
                    <errors></errors>
                    <example>OSA:RBW FULL</example>
                    <execid>eSimpleSetParameter</execid>
                    <hasPair>true</hasPair>
                    <max></max>
                    <min></min>
                    <note></note>
                    <parameterCountValid>false</parameterCountValid>
                    <parameterDescriptionValid>false</parameterDescriptionValid>
                    <parameters>$&lt;$CHARACTER PROGRAM DATA$&gt;$
FULL : None
0 : 0.1 nm
0 : 0.2 nm
0 : 0.3 nm
0 : 0.4 nm
0 : 0.5 nm
1 : 1.0 nm
2 : 2.0 nm
5 : 5.0 nm
</parameters>
                    <params>{FULL=ID_OSA_RBW_FULL,0=ID_OSA_RBW_0_1_NM,0=ID_OSA_RBW_0_2_NM,0=ID_OSA_RBW_0_3_NM,0=ID_OSA_RBW_0_4_NM,0=ID_OSA_RBW_0_5_NM,1=ID_OSA_RBW_1_0_NM,2=ID_OSA_RBW_2_0_NM,5=ID_OSA_RBW_5_0_NM}</params>
                    <response>None.</response>
                    <section>Section</section>
                    <syntax>OSA:RBW $&lt;$param$&gt;$</syntax>
                    <vlist>ID_OSA_RBW</vlist>
                </array>
                <array>
                    <async>false</async>
                    <asyncCompleteCondition></asyncCompleteCondition>
                    <command>OSA:RBW?</command>
                    <comment></comment>
                    <description></description>
                    <errors></errors>
                    <example>OSA:RBW? -&gt; FULL</example>
                    <execid>eSimpleGetParameter</execid>
                    <hasPair>false</hasPair>
                    <max></max>
                    <min></min>
                    <note></note>
                    <parameterCountValid>true</parameterCountValid>
                    <parameterDescriptionValid>false</parameterDescriptionValid>
                    <parameters>None.</parameters>
                    <params>{FULL=ID_OSA_RBW_FULL,0=ID_OSA_RBW_0_1_NM,0=ID_OSA_RBW_0_2_NM,0=ID_OSA_RBW_0_3_NM,0=ID_OSA_RBW_0_4_NM,0=ID_OSA_RBW_0_5_NM,1=ID_OSA_RBW_1_0_NM,2=ID_OSA_RBW_2_0_NM,5=ID_OSA_RBW_5_0_NM}</params>
                    <response>$&lt;$CHARACTER PROGRAM DATA$&gt;$
FULL : None
0 : 0.1 nm
0 : 0.2 nm
0 : 0.3 nm
0 : 0.4 nm
0 : 0.5 nm
1 : 1.0 nm
2 : 2.0 nm
5 : 5.0 nm
</response>
                    <section>Section</section>
                    <syntax>OSA:RBW?</syntax>
                    <vlist>ID_OSA_RBW</vlist>
                </array>
            </value>
        </entry>
    </map>
    <path></path>
</svTexHolder>
