{"enableRelation":{"ID_PULSEWIDTH_1NS":["ID_DISTANCERANGE_1KM"],"ID_DISTANCERANGE_1KM":["ID_PULSEWIDTH_10NS","ID_PULSEWIDTH_1NS"],"ID_PULSEWIDTH_10NS":["ID_DISTANCERANGE_10KM","ID_DISTANCERANGE_1KM"],"ID_DISTANCERANGE_10KM":["ID_PULSEWIDTH_20NS","ID_PULSEWIDTH_10NS"],"ID_PULSEWIDTH_20NS":["ID_DISTANCERANGE_20KM","ID_DISTANCERANGE_10KM"],"ID_DISTANCERANGE_20KM":["ID_PULSEWIDTH_20NS","ID_PULSEWIDTH_50NS"],"ID_PULSEWIDTH_50NS":["ID_DISTANCERANGE_20KM","ID_DISTANCERANGE_50KM"],"ID_DISTANCERANGE_50KM":["ID_PULSEWIDTH_50NS","ID_PULSEWIDTH_100NS"],"ID_PULSEWIDTH_100NS":["ID_DISTANCERANGE_100KM","ID_DISTANCERANGE_50KM"],"ID_DISTANCERANGE_100KM":["ID_PULSEWIDTH_500NS","ID_PULSEWIDTH_100NS","ID_OPTION_001"],"ID_PULSEWIDTH_500NS":["ID_DISTANCERANGE_200KM","ID_DISTANCERANGE_100KM"],"ID_DISTANCERANGE_200KM":["ID_PULSEWIDTH_500NS","ID_OPTION_001"],"ID_OPTION_001":["ID_DISTANCERANGE_200KM","ID_DISTANCERANGE_100KM"],"ID_START_WAVELENGTH":["ID_BAND_2L","ID_BAND_1C","ID_BAND_0S","ID_BAND_USER"],"ID_BAND_0S":["ID_START_WAVELENGTH","ID_STOP_WAVELENGTH"],"ID_BAND_2L":["ID_START_WAVELENGTH","ID_STOP_WAVELENGTH"],"ID_BAND_1C":["ID_START_WAVELENGTH","ID_STOP_WAVELENGTH"],"ID_BAND_USER":["ID_START_WAVELENGTH","ID_STOP_WAVELENGTH"],"ID_STOP_WAVELENGTH":["ID_BAND_2L","ID_BAND_1C","ID_BAND_0S","ID_BAND_USER"]},"priority":{"ID_DISTANCERANGE":10,"ID_PULSEWIDTH":10,"ID_OPTION_001":20,"ID_BAND":0},"values":{"ID_START_WAVELENGTH":{"ID_BAND_2L":"1600","ID_BAND_1C":"1530","ID_BAND_0S":"1200","ID_START_WAVELENGTH":"","ID_STOP_WAVELENGTH":">"},"ID_STOP_WAVELENGTH":{"ID_BAND_2L":"1650","ID_BAND_1C":"1560","ID_BAND_0S":"1250","ID_STOP_WAVELENGTH":"","ID_START_WAVELENGTH":"<"},"ID_BAND":{"ID_START_WAVELENGTH":"ID_BAND_USER:*","ID_STOP_WAVELENGTH":"ID_BAND_USER:*"}}}
