{"allData":{"ID_TARGET_A":["ID_TRIGGER_A","ID_MODE_A","ID_MODE_B"],"ID_TRIGGER_A":["ID_TARGET_B","ID_TARGET_A"],"ID_TARGET_B":["ID_TRIGGER_B","ID_TRIGGER_A","ID_MODE_A","ID_MODE_B"],"ID_TRIGGER_B":["ID_TARGET_B","ID_TARGET_C"],"ID_TARGET_C":["ID_TRIGGER_B","ID_MODE_A","ID_TRIGGER_C"],"ID_TRIGGER_C":["ID_TARGET_C","ID_TARGET_D"],"ID_TARGET_D":["ID_MODE_A","ID_TRIGGER_D","ID_TRIGGER_C"],"ID_TRIGGER_D":["ID_TARGET_D"],"ID_MODE_A":["ID_TARGET_B","ID_TARGET_C","ID_TARGET_D","ID_TARGET_A"],"ID_MODE_B":["ID_TARGET_B","ID_TARGET_A"],"ID_PULSEWIDTH_1NS":["ID_DISTANCERANGE_1KM"],"ID_DISTANCERANGE_1KM":["ID_MODELNAME_P1000A","ID_MODELNAME_P2000B","ID_PULSEWIDTH_10NS","ID_PULSEWIDTH_1NS"],"ID_PULSEWIDTH_10NS":["ID_DISTANCERANGE_10KM","ID_DISTANCERANGE_1KM"],"ID_PULSEWIDTH_20NS":["ID_DISTANCERANGE_20KM","ID_DISTANCERANGE_10KM"],"ID_DISTANCERANGE_10KM":["ID_MODELNAME_P1000A","ID_MODELNAME_P2000B","ID_PULSEWIDTH_20NS","ID_PULSEWIDTH_10NS"],"ID_DISTANCERANGE_20KM":["ID_MODELNAME_P1000A","ID_MODELNAME_P2000B","ID_PULSEWIDTH_20NS","ID_PULSEWIDTH_50NS"],"ID_PULSEWIDTH_50NS":["ID_DISTANCERANGE_20KM","ID_DISTANCERANGE_50KM"],"ID_DISTANCERANGE_50KM":["ID_MODELNAME_P1000A","ID_MODELNAME_P2000B","ID_PULSEWIDTH_50NS","ID_PULSEWIDTH_100NS"],"ID_PULSEWIDTH_100NS":["ID_DISTANCERANGE_100KM","ID_DISTANCERANGE_50KM"],"ID_DISTANCERANGE_100KM":["ID_PULSEWIDTH_500NS","ID_MODELNAME_P1000A","ID_PULSEWIDTH_100NS"],"ID_PULSEWIDTH_500NS":["ID_DISTANCERANGE_200KM","ID_DISTANCERANGE_100KM"],"ID_DISTANCERANGE_200KM":["ID_PULSEWIDTH_500NS","ID_MODELNAME_P1000A"],"ID_MODELNAME_P1000A":["ID_DISTANCERANGE_20KM","ID_DISTANCERANGE_200KM","ID_DISTANCERANGE_100KM","ID_DISTANCERANGE_50KM","ID_DISTANCERANGE_10KM","ID_DISTANCERANGE_1KM"],"ID_MODELNAME_P2000B":["ID_DISTANCERANGE_20KM","ID_DISTANCERANGE_50KM","ID_DISTANCERANGE_10KM","ID_DISTANCERANGE_1KM"],"ID_AVERAGETIME":["ID_COLLECMODE_AVERAGE"],"ID_COLLECMODE_AVERAGE":["ID_AVERAGETIME"]},"priority":{"ID_PULSEWIDTH":0,"ID_DISTANCERANGE":100,"ID_MODELNAME":200,"ID_TRIGGER":10,"ID_MODE":100,"ID_COLLECMODE":5}}
