{"panes":{"5_uOTDR":{"layout":"VERTICAL","widgets":[],"caption":"","field":"NONE","titldField":"STATICTEXT","type":"Pane","id":"","subId":"","css":[{"key":"position","value":"absolute"},{"key":"width","value":"415"},{"key":"height","value":"200"},{"key":"border-style","value":"dashed"},{"key":"border-width","value":"1px"}],"text":null,"optional":"","volatileInfo":[],"widgetId":"WID2"},"4_SYSTEM":{"layout":"VERTICAL","widgets":[{"layout":"HORIZONTAL","widgets":[{"layout":"VERTICAL","widgets":[],"caption":"","field":"TITLE","titldField":"STATICTEXT","type":"Label","id":"ID_USERNAME","subId":"","css":[{"key":"display","value":"inline-block"}],"text":null,"optional":"","volatileInfo":[],"widgetId":"WID30"},{"layout":"VERTICAL","widgets":[],"caption":"","field":"NONE","titldField":"STATICTEXT","type":"StaticText","id":"","subId":"","css":[{"key":"display","value":"inline-block"}],"text":":","optional":"","volatileInfo":[],"widgetId":"WID31"},{"layout":"VERTICAL","widgets":[],"caption":"","field":"VALUE","titldField":"STATICTEXT","type":"TextField","id":"ID_USERNAME","subId":"","css":[{"key":"display","value":"inline-block"}],"text":null,"optional":"","volatileInfo":[],"widgetId":"WID32"},{"layout":"VERTICAL","widgets":[],"caption":"","field":"UNIT","titldField":"STATICTEXT","type":"Label","id":"ID_USERNAME","subId":"","css":[{"key":"display","value":"inline-block"}],"text":null,"optional":"","volatileInfo":[],"widgetId":"WID33"}],"caption":"","field":"NONE","titldField":"STATICTEXT","type":"Pane","id":"","subId":"","css":[{"key":"display","value":"block"},{"key":"width","value":"100%"},{"key":"height","value":"35"}],"text":null,"optional":"","volatileInfo":[],"widgetId":"WID29"},{"layout":"HORIZONTAL","widgets":[{"layout":"VERTICAL","widgets":[],"caption":"","field":"TITLE","titldField":"STATICTEXT","type":"Label","id":"ID_PASSWORD","subId":"","css":[{"key":"display","value":"inline-block"}],"text":null,"optional":"","volatileInfo":[],"widgetId":"WID35"},{"layout":"VERTICAL","widgets":[],"caption":"","field":"NONE","titldField":"STATICTEXT","type":"StaticText","id":"","subId":"","css":[{"key":"display","value":"inline-block"}],"text":":","optional":"","volatileInfo":[],"widgetId":"WID36"},{"layout":"VERTICAL","widgets":[],"caption":"","field":"VALUE","titldField":"STATICTEXT","type":"Password","id":"ID_PASSWORD","subId":"","css":[{"key":"display","value":"inline-block"}],"text":null,"optional":"","volatileInfo":[],"widgetId":"WID37"}],"caption":"","field":"NONE","titldField":"STATICTEXT","type":"Pane","id":"","subId":"","css":[{"key":"display","value":"block"},{"key":"width","value":"100%"},{"key":"height","value":"35"}],"text":null,"optional":"","volatileInfo":[],"widgetId":"WID34"},{"layout":"HORIZONTAL","widgets":[],"caption":"","field":"VALUE","titldField":"STATICTEXT","type":"Button","id":"ID_LOGIN","subId":"","css":[{"key":"display","value":"block"},{"key":"width","value":"100"},{"key":"height","value":"45"}],"text":null,"optional":"notitle","volatileInfo":[],"widgetId":"WID38"},{"layout":"HORIZONTAL","widgets":[],"caption":"","field":"VALUE","titldField":"STATICTEXT","type":"Label","id":"ID_LOGIN_MESSAGE","subId":"","css":[{"key":"display","value":"block"},{"key":"width","value":"100%"},{"key":"height","value":"30"}],"text":null,"optional":"","volatileInfo":[],"widgetId":"WID39"}],"caption":"","field":"NONE","titldField":"STATICTEXT","type":"Pane","id":"ID_APPLICATION","subId":"","css":[{"key":"position","value":"absolute"},{"key":"width","value":"330"},{"key":"height","value":"185"},{"key":"border-style","value":"dashed"},{"key":"border-width","value":"1px"}],"text":null,"optional":"$NAME=CONFIG","volatileInfo":[],"widgetId":"WID28"},"8_File":{"layout":"VERTICAL","widgets":[{"layout":"VERTICAL","widgets":[{"layout":"HORIZONTAL","widgets":[{"layout":"HORIZONTAL","widgets":[],"caption":"","field":"NONE","titldField":"STATICTEXT","type":"Button","id":"ID_FILE_SAVE","subId":"","css":[{"key":"display","value":"inline-block"},{"key":"width","value":"100"},{"key":"height","value":"30"},{"key":"margin","value":"5px"}],"text":null,"optional":"","volatileInfo":[],"widgetId":"WID44"},{"layout":"HORIZONTAL","widgets":[],"caption":"","field":"NONE","titldField":"STATICTEXT","type":"Button","id":"ID_FILE_LOAD","subId":"","css":[{"key":"display","value":"inline-block"},{"key":"width","value":"100"},{"key":"height","value":"30"},{"key":"margin","value":"5px"}],"text":null,"optional":"","volatileInfo":[],"widgetId":"WID45"},{"layout":"HORIZONTAL","widgets":[],"caption":"","field":"NONE","titldField":"STATICTEXT","type":"Button","id":"ID_FILE_LIST_UPDATE","subId":"","css":[{"key":"display","value":"inline-block"},{"key":"width","value":"100"},{"key":"height","value":"30"},{"key":"margin","value":"5px"}],"text":null,"optional":"","volatileInfo":[],"widgetId":"WID46"}],"caption":"","field":"NONE","titldField":"STATICTEXT","type":"Pane","id":"","subId":"","css":[{"key":"width","value":"100%"},{"key":"height","value":"50"},{"key":"display","value":"block"}],"text":null,"optional":"","volatileInfo":[],"widgetId":"WID43"},{"layout":"HORIZONTAL","widgets":[],"caption":"","field":"NONE","titldField":"STATICTEXT","type":"Table","id":"ID_FILE_LIST","subId":"","css":[{"key":"width","value":"735"},{"key":"height","value":"240"},{"key":"display","value":"block"},{"key":"margin","value":"5px"}],"text":null,"optional":"","volatileInfo":[],"widgetId":"WID47"},{"layout":"HORIZONTAL","widgets":[{"layout":"VERTICAL","widgets":[],"caption":"","field":"TITLE","titldField":"STATICTEXT","type":"Label","id":"ID_FILE_FILTER","subId":"","css":[{"key":"display","value":"inline-block"}],"text":null,"optional":"","volatileInfo":[],"widgetId":"WID49"},{"layout":"VERTICAL","widgets":[],"caption":"","field":"NONE","titldField":"STATICTEXT","type":"StaticText","id":"","subId":"","css":[{"key":"display","value":"inline-block"}],"text":":","optional":"","volatileInfo":[],"widgetId":"WID50"},{"layout":"VERTICAL","widgets":[],"caption":"","field":"VALUE","titldField":"STATICTEXT","type":"ComboBox","id":"ID_FILE_FILTER","subId":"","css":[{"key":"display","value":"inline-block"},{"key":"width","value":"410.299"},{"key":"height","value":"31.1198"}],"text":null,"optional":"","volatileInfo":[],"widgetId":"WID51"}],"caption":"","field":"NONE","titldField":"STATICTEXT","type":"Pane","id":"","subId":"","css":[{"key":"display","value":"block"},{"key":"width","value":"100%"},{"key":"height","value":"40"}],"text":null,"optional":"","volatileInfo":[],"widgetId":"WID48"}],"caption":"","field":"NONE","titldField":"STATICTEXT","type":"Pane","id":"","subId":"","css":[{"key":"display","value":"block"},{"key":"width","value":"740"},{"key":"height","value":"335"}],"text":null,"optional":"","volatileInfo":[],"widgetId":"WID42"},{"layout":"HORIZONTAL","widgets":[{"layout":"VERTICAL","widgets":[],"caption":"","field":"TITLE","titldField":"STATICTEXT","type":"Label","id":"ID_FILE_FOLDER","subId":"","css":[{"key":"display","value":"inline-block"}],"text":null,"optional":"","volatileInfo":[],"widgetId":"WID53"},{"layout":"VERTICAL","widgets":[],"caption":"","field":"NONE","titldField":"STATICTEXT","type":"StaticText","id":"","subId":"","css":[{"key":"display","value":"inline-block"}],"text":":","optional":"","volatileInfo":[],"widgetId":"WID54"},{"layout":"VERTICAL","widgets":[],"caption":"","field":"VALUE","titldField":"STATICTEXT","type":"TextField","id":"ID_FILE_FOLDER","subId":"","css":[{"key":"display","value":"inline-block"},{"key":"width","value":"682.7860000000001"},{"key":"height","value":"27.2917"}],"text":null,"optional":"","volatileInfo":[],"widgetId":"WID55"}],"caption":"","field":"NONE","titldField":"STATICTEXT","type":"Pane","id":"","subId":"","css":[{"key":"display","value":"block"},{"key":"width","value":"100%"},{"key":"height","value":"40"}],"text":null,"optional":"","volatileInfo":[],"widgetId":"WID52"},{"layout":"HORIZONTAL","widgets":[{"layout":"VERTICAL","widgets":[],"caption":"","field":"TITLE","titldField":"STATICTEXT","type":"Label","id":"ID_FILE_NAME","subId":"","css":[{"key":"display","value":"inline-block"}],"text":null,"optional":"","volatileInfo":[],"widgetId":"WID57"},{"layout":"VERTICAL","widgets":[],"caption":"","field":"NONE","titldField":"STATICTEXT","type":"StaticText","id":"","subId":"","css":[{"key":"display","value":"inline-block"}],"text":":","optional":"","volatileInfo":[],"widgetId":"WID58"},{"layout":"VERTICAL","widgets":[],"caption":"","field":"VALUE","titldField":"STATICTEXT","type":"TextField","id":"ID_FILE_NAME","subId":"","css":[{"key":"display","value":"inline-block"},{"key":"width","value":"377.812"},{"key":"height","value":"22.2917"}],"text":null,"optional":"","volatileInfo":[],"widgetId":"WID59"}],"caption":"","field":"NONE","titldField":"STATICTEXT","type":"Pane","id":"","subId":"","css":[{"key":"display","value":"block"},{"key":"width","value":"100%"},{"key":"height","value":"30"}],"text":null,"optional":"","volatileInfo":[],"widgetId":"WID56"}],"caption":"","field":"NONE","titldField":"STATICTEXT","type":"Pane","id":"","subId":"","css":[{"key":"position","value":"absolute"},{"key":"width","value":"780"},{"key":"height","value":"410"},{"key":"border-style","value":"dashed"},{"key":"border-width","value":"1px"}],"text":null,"optional":"$NAME=FILE","volatileInfo":[],"widgetId":"WID41"},"6_TOP":{"layout":"ABSOLUTE","widgets":[{"layout":"HORIZONTAL","widgets":[{"layout":"VERTICAL","widgets":[],"caption":"","field":"VALUE","titldField":"STATICTEXT","type":"ToggleButton","id":"ID_APPLICATION","subId":"ID_APPLICATION_BERTS","css":[{"key":"display","value":"inline-block"},{"key":"width","value":"108.0599"},{"key":"height","value":"58.3203"},{"key":"margin","value":"2px 10px"}],"text":null,"optional":"","volatileInfo":[],"widgetId":"WID63"},{"layout":"VERTICAL","widgets":[],"caption":"","field":"VALUE","titldField":"STATICTEXT","type":"ToggleButton","id":"ID_APPLICATION","subId":"ID_APPLICATION_CONFIG","css":[{"key":"display","value":"inline-block"},{"key":"width","value":"108.0599"},{"key":"height","value":"58.3203"},{"key":"margin","value":"2px 10px"}],"text":null,"optional":"","volatileInfo":[],"widgetId":"WID64"},{"layout":"VERTICAL","widgets":[],"caption":"","field":"VALUE","titldField":"STATICTEXT","type":"ToggleButton","id":"ID_APPLICATION","subId":"ID_APPLICATION_OSA","css":[{"key":"display","value":"inline-block"},{"key":"width","value":"108.0599"},{"key":"height","value":"58.3203"},{"key":"margin","value":"2px 10px"}],"text":null,"optional":"","volatileInfo":[],"widgetId":"WID65"},{"layout":"VERTICAL","widgets":[],"caption":"","field":"VALUE","titldField":"STATICTEXT","type":"ToggleButton","id":"ID_APPLICATION","subId":"ID_APPLICATION_OSCILLO","css":[{"key":"display","value":"inline-block"},{"key":"width","value":"108.0599"},{"key":"height","value":"58.3203"},{"key":"margin","value":"2px 10px"}],"text":null,"optional":"","volatileInfo":[],"widgetId":"WID66"},{"layout":"VERTICAL","widgets":[],"caption":"","field":"VALUE","titldField":"STATICTEXT","type":"ToggleButton","id":"ID_APPLICATION","subId":"ID_APPLICATION_OTDR","css":[{"key":"display","value":"inline-block"},{"key":"width","value":"108.0599"},{"key":"height","value":"58.3203"},{"key":"margin","value":"2px 10px"}],"text":null,"optional":"","volatileInfo":[],"widgetId":"WID67"}],"caption":"","field":"NONE","titldField":"STATICTEXT","type":"Pane","id":"ID_APPLICATION","subId":"","css":[{"key":"width","value":"715"},{"key":"height","value":"130"},{"key":"position","value":"absolute"},{"key":"top","value":"7.968749061767582px"},{"key":"left","value":"6.93229199999999px"},{"key":"vertical-align","value":"top"}],"text":null,"optional":"","volatileInfo":[],"widgetId":"WID62"},{"layout":"HORIZONTAL","widgets":[],"caption":"","field":"NONE","titldField":"STATICTEXT","type":"Dialog","id":"ID_LOGIN","subId":"","css":[{"key":"position","value":"absolute"},{"key":"width","value":"100"},{"key":"height","value":"40"},{"key":"top","value":"168.85415174121093px"},{"key":"left","value":"40.88541699999999px"},{"key":"border-radius","value":"50px"},{"key":"background-color","value":"lightgreen"}],"text":null,"optional":"$CONTENT=CONFIG","volatileInfo":["width=430","height=335"],"widgetId":"WID68"}],"caption":"","field":"NONE","titldField":"STATICTEXT","type":"Pane","id":"","subId":"","css":[{"key":"position","value":"absolute"},{"key":"width","value":"765"},{"key":"height","value":"310"},{"key":"border-style","value":"dashed"},{"key":"border-width","value":"1px"},{"key":"font-family","value":"Arial"}],"text":null,"optional":"$NAME=TOP","volatileInfo":[],"widgetId":"WID61"},"3_OSA":{"layout":"VERTICAL","widgets":[{"layout":"VERTICAL","widgets":[{"layout":"HORIZONTAL","widgets":[{"layout":"VERTICAL","widgets":[],"caption":"","field":"VALUE","titldField":"STATICTEXT","type":"ToggleButton","id":"ID_BAND","subId":"ID_BAND_0S","css":[{"key":"display","value":"inline-block"},{"key":"width","value":"118.3854"},{"key":"height","value":"23.3333"}],"text":null,"optional":"","volatileInfo":[],"widgetId":"WID73"},{"layout":"VERTICAL","widgets":[],"caption":"","field":"VALUE","titldField":"STATICTEXT","type":"ToggleButton","id":"ID_BAND","subId":"ID_BAND_1C","css":[{"key":"display","value":"inline-block"},{"key":"width","value":"118.3854"},{"key":"height","value":"23.3333"}],"text":null,"optional":"","volatileInfo":[],"widgetId":"WID74"},{"layout":"VERTICAL","widgets":[],"caption":"","field":"VALUE","titldField":"STATICTEXT","type":"ToggleButton","id":"ID_BAND","subId":"ID_BAND_2L","css":[{"key":"display","value":"inline-block"},{"key":"width","value":"118.3854"},{"key":"height","value":"23.3333"}],"text":null,"optional":"","volatileInfo":[],"widgetId":"WID75"},{"layout":"VERTICAL","widgets":[],"caption":"","field":"VALUE","titldField":"STATICTEXT","type":"ToggleButton","id":"ID_BAND","subId":"ID_BAND_AUTO","css":[{"key":"display","value":"inline-block"},{"key":"width","value":"118.3854"},{"key":"height","value":"23.3333"}],"text":null,"optional":"","volatileInfo":[],"widgetId":"WID76"},{"layout":"VERTICAL","widgets":[],"caption":"","field":"VALUE","titldField":"STATICTEXT","type":"ToggleButton","id":"ID_BAND","subId":"ID_BAND_USER","css":[{"key":"display","value":"inline-block"},{"key":"width","value":"118.3854"},{"key":"height","value":"23.3333"}],"text":null,"optional":"","volatileInfo":[],"widgetId":"WID77"}],"caption":"","field":"NONE","titldField":"STATICTEXT","type":"Pane","id":"ID_BAND","subId":"","css":[{"key":"width","value":"660"},{"key":"height","value":"50"},{"key":"display","value":"block"}],"text":null,"optional":"","volatileInfo":[],"widgetId":"WID72"},{"layout":"HORIZONTAL","widgets":[{"layout":"VERTICAL","widgets":[],"caption":"","field":"TITLE","titldField":"STATICTEXT","type":"Label","id":"ID_START_WAVELENGTH","subId":"","css":[{"key":"display","value":"inline-block"},{"key":"margin","value":"5px"},{"key":"width","value":"200"},{"key":"height","value":"20"}],"text":null,"optional":"","volatileInfo":[],"widgetId":"WID79"},{"layout":"VERTICAL","widgets":[],"caption":"","field":"NONE","titldField":"STATICTEXT","type":"StaticText","id":"","subId":"","css":[{"key":"display","value":"inline-block"}],"text":":","optional":"","volatileInfo":[],"widgetId":"WID80"},{"layout":"VERTICAL","widgets":[],"caption":"","field":"VALUE","titldField":"STATICTEXT","type":"TextField","id":"ID_START_WAVELENGTH","subId":"","css":[{"key":"display","value":"inline-block"},{"key":"background-color","value":"lightblue"},{"key":"height","value":"20"},{"key":"width","value":"200"}],"text":null,"optional":"","volatileInfo":[],"widgetId":"WID81"},{"layout":"VERTICAL","widgets":[],"caption":"","field":"UNIT","titldField":"STATICTEXT","type":"Label","id":"ID_START_WAVELENGTH","subId":"","css":[{"key":"display","value":"inline-block"},{"key":"margin","value":"5px"}],"text":null,"optional":"","volatileInfo":[],"widgetId":"WID82"}],"caption":"","field":"NONE","titldField":"STATICTEXT","type":"Pane","id":"","subId":"","css":[{"key":"width","value":"660"},{"key":"height","value":"30"},{"key":"display","value":"block"}],"text":null,"optional":"","volatileInfo":[],"widgetId":"WID78"},{"layout":"HORIZONTAL","widgets":[{"layout":"VERTICAL","widgets":[],"caption":"","field":"TITLE","titldField":"STATICTEXT","type":"Label","id":"ID_STOP_WAVELENGTH","subId":"","css":[{"key":"display","value":"inline-block"},{"key":"margin","value":"5px"},{"key":"width","value":"200"},{"key":"height","value":"20"}],"text":null,"optional":"","volatileInfo":[],"widgetId":"WID84"},{"layout":"VERTICAL","widgets":[],"caption":"","field":"NONE","titldField":"STATICTEXT","type":"StaticText","id":"","subId":"","css":[{"key":"display","value":"inline-block"}],"text":":","optional":"","volatileInfo":[],"widgetId":"WID85"},{"layout":"VERTICAL","widgets":[],"caption":"","field":"VALUE","titldField":"STATICTEXT","type":"TextField","id":"ID_STOP_WAVELENGTH","subId":"","css":[{"key":"display","value":"inline-block"},{"key":"height","value":"20"},{"key":"width","value":"200"}],"text":null,"optional":"","volatileInfo":[],"widgetId":"WID86"},{"layout":"VERTICAL","widgets":[],"caption":"","field":"UNIT","titldField":"STATICTEXT","type":"Label","id":"ID_STOP_WAVELENGTH","subId":"","css":[{"key":"display","value":"inline-block"},{"key":"margin","value":"5px"}],"text":null,"optional":"","volatileInfo":[],"widgetId":"WID87"}],"caption":"","field":"NONE","titldField":"STATICTEXT","type":"Pane","id":"","subId":"","css":[{"key":"width","value":"660"},{"key":"height","value":"30"},{"key":"display","value":"block"}],"text":null,"optional":"","volatileInfo":[],"widgetId":"WID83"},{"layout":"HORIZONTAL","widgets":[{"layout":"VERTICAL","widgets":[],"caption":"","field":"TITLE","titldField":"STATICTEXT","type":"Label","id":"ID_CENTER_WAVELENGTH","subId":"","css":[{"key":"display","value":"inline-block"},{"key":"margin","value":"5px"},{"key":"width","value":"200"},{"key":"height","value":"20"}],"text":null,"optional":"","volatileInfo":[],"widgetId":"WID89"},{"layout":"VERTICAL","widgets":[],"caption":"","field":"NONE","titldField":"STATICTEXT","type":"StaticText","id":"","subId":"","css":[{"key":"display","value":"inline-block"}],"text":":","optional":"","volatileInfo":[],"widgetId":"WID90"},{"layout":"VERTICAL","widgets":[],"caption":"","field":"VALUE","titldField":"STATICTEXT","type":"TextField","id":"ID_CENTER_WAVELENGTH","subId":"","css":[{"key":"display","value":"inline-block"},{"key":"width","value":"200"},{"key":"height","value":"20"}],"text":null,"optional":"","volatileInfo":[],"widgetId":"WID91"},{"layout":"VERTICAL","widgets":[],"caption":"","field":"UNIT","titldField":"STATICTEXT","type":"Label","id":"ID_CENTER_WAVELENGTH","subId":"","css":[{"key":"display","value":"inline-block"},{"key":"margin","value":"5px"}],"text":null,"optional":"","volatileInfo":[],"widgetId":"WID92"}],"caption":"","field":"NONE","titldField":"STATICTEXT","type":"Pane","id":"","subId":"","css":[{"key":"display","value":"block"},{"key":"width","value":"660"},{"key":"height","value":"30"}],"text":null,"optional":"","volatileInfo":[],"widgetId":"WID88"},{"layout":"HORIZONTAL","widgets":[{"layout":"VERTICAL","widgets":[],"caption":"","field":"TITLE","titldField":"STATICTEXT","type":"Label","id":"ID_SPAN_WAVELENGTH","subId":"","css":[{"key":"display","value":"inline-block"},{"key":"margin","value":"5px"},{"key":"width","value":"200"},{"key":"height","value":"20"}],"text":null,"optional":"","volatileInfo":[],"widgetId":"WID94"},{"layout":"VERTICAL","widgets":[],"caption":"","field":"NONE","titldField":"STATICTEXT","type":"StaticText","id":"","subId":"","css":[{"key":"display","value":"inline-block"}],"text":":","optional":"","volatileInfo":[],"widgetId":"WID95"},{"layout":"VERTICAL","widgets":[],"caption":"","field":"VALUE","titldField":"STATICTEXT","type":"TextField","id":"ID_SPAN_WAVELENGTH","subId":"","css":[{"key":"display","value":"inline-block"},{"key":"height","value":"20"},{"key":"width","value":"200"}],"text":null,"optional":"","volatileInfo":[],"widgetId":"WID96"},{"layout":"VERTICAL","widgets":[],"caption":"","field":"UNIT","titldField":"STATICTEXT","type":"Label","id":"ID_SPAN_WAVELENGTH","subId":"","css":[{"key":"display","value":"inline-block"}],"text":null,"optional":"","volatileInfo":[],"widgetId":"WID97"}],"caption":"","field":"NONE","titldField":"STATICTEXT","type":"Pane","id":"","subId":"","css":[{"key":"display","value":"block"},{"key":"width","value":"660"},{"key":"height","value":"30"}],"text":null,"optional":"","volatileInfo":[],"widgetId":"WID93"}],"caption":"","field":"NONE","titldField":"STATICTEXT","type":"Pane","id":"","subId":"","css":[{"key":"display","value":"block"},{"key":"width","value":"765"},{"key":"height","value":"280"}],"text":null,"optional":"$NAME=OSA","volatileInfo":[],"widgetId":"WID71"},{"layout":"HORIZONTAL","widgets":[],"caption":"","field":"NONE","titldField":"STATICTEXT","type":"Slider","id":"ID_START_WAVELENGTH","subId":"","css":[{"key":"display","value":"block"},{"key":"width","value":"100%"},{"key":"height","value":"30"}],"text":null,"optional":"","volatileInfo":[],"widgetId":"WID98"},{"layout":"HORIZONTAL","widgets":[],"caption":"","field":"NONE","titldField":"STATICTEXT","type":"Slider","id":"ID_STOP_WAVELENGTH","subId":"","css":[{"key":"display","value":"block"},{"key":"width","value":"100%"},{"key":"height","value":"30"}],"text":null,"optional":"","volatileInfo":[],"widgetId":"WID99"},{"layout":"HORIZONTAL","widgets":[],"caption":"","field":"NONE","titldField":"STATICTEXT","type":"Slider","id":"ID_CENTER_WAVELENGTH","subId":"","css":[{"key":"display","value":"block"},{"key":"width","value":"100%"},{"key":"height","value":"30"}],"text":null,"optional":"","volatileInfo":[],"widgetId":"WID100"},{"layout":"HORIZONTAL","widgets":[],"caption":"","field":"NONE","titldField":"STATICTEXT","type":"Slider","id":"ID_SPAN_WAVELENGTH","subId":"","css":[{"key":"display","value":"block"},{"key":"width","value":"100%"},{"key":"height","value":"30"}],"text":null,"optional":"","volatileInfo":[],"widgetId":"WID101"}],"caption":"","field":"NONE","titldField":"STATICTEXT","type":"Pane","id":"","subId":"","css":[{"key":"position","value":"absolute"},{"key":"width","value":"800"},{"key":"height","value":"600"},{"key":"border-style","value":"dashed"},{"key":"border-width","value":"1px"}],"text":null,"optional":"","volatileInfo":[],"widgetId":"WID70"},"9_BERTS":{"layout":"VERTICAL","widgets":[{"layout":"VERTICAL","widgets":[{"layout":"HORIZONTAL","widgets":[{"layout":"VERTICAL","widgets":[],"caption":"","field":"TITLE","titldField":"STATICTEXT","type":"Label","id":"ID_PPG_FREQUENCY","subId":"","css":[{"key":"display","value":"inline-block"}],"text":null,"optional":"","volatileInfo":[],"widgetId":"WID106"},{"layout":"VERTICAL","widgets":[],"caption":"","field":"NONE","titldField":"STATICTEXT","type":"StaticText","id":"","subId":"","css":[{"key":"display","value":"inline-block"}],"text":":","optional":"","volatileInfo":[],"widgetId":"WID107"},{"layout":"VERTICAL","widgets":[],"caption":"","field":"VALUE","titldField":"STATICTEXT","type":"TextField","id":"ID_PPG_FREQUENCY","subId":"","css":[{"key":"display","value":"inline-block"}],"text":null,"optional":"","volatileInfo":[],"widgetId":"WID108"},{"layout":"VERTICAL","widgets":[],"caption":"","field":"UNIT","titldField":"STATICTEXT","type":"Label","id":"ID_PPG_FREQUENCY","subId":"","css":[{"key":"display","value":"inline-block"}],"text":null,"optional":"","volatileInfo":[],"widgetId":"WID109"}],"caption":"","field":"NONE","titldField":"STATICTEXT","type":"Pane","id":"","subId":"","css":[{"key":"width","value":"550"},{"key":"height","value":"30"},{"key":"display","value":"block"}],"text":null,"optional":"","volatileInfo":[],"widgetId":"WID105"},{"layout":"HORIZONTAL","widgets":[{"layout":"VERTICAL","widgets":[],"caption":"","field":"TITLE","titldField":"STATICTEXT","type":"Label","id":"ID_PPG_PATTERN","subId":"","css":[{"key":"display","value":"inline-block"}],"text":null,"optional":"","volatileInfo":[],"widgetId":"WID111"},{"layout":"VERTICAL","widgets":[],"caption":"","field":"NONE","titldField":"STATICTEXT","type":"StaticText","id":"","subId":"","css":[{"key":"display","value":"inline-block"}],"text":":","optional":"","volatileInfo":[],"widgetId":"WID112"},{"layout":"VERTICAL","widgets":[],"caption":"","field":"VALUE","titldField":"STATICTEXT","type":"ComboBox","id":"ID_PPG_PATTERN","subId":"","css":[{"key":"display","value":"inline-block"}],"text":null,"optional":"","volatileInfo":[],"widgetId":"WID113"}],"caption":"","field":"NONE","titldField":"STATICTEXT","type":"Pane","id":"","subId":"","css":[{"key":"display","value":"block"},{"key":"width","value":"550"},{"key":"height","value":"30"}],"text":null,"optional":"","volatileInfo":[],"widgetId":"WID110"},{"layout":"HORIZONTAL","widgets":[{"layout":"VERTICAL","widgets":[],"caption":"","field":"TITLE","titldField":"STATICTEXT","type":"Label","id":"ID_ED_PATTERN","subId":"","css":[{"key":"display","value":"inline-block"}],"text":null,"optional":"","volatileInfo":[],"widgetId":"WID115"},{"layout":"VERTICAL","widgets":[],"caption":"","field":"NONE","titldField":"STATICTEXT","type":"StaticText","id":"","subId":"","css":[{"key":"display","value":"inline-block"}],"text":":","optional":"","volatileInfo":[],"widgetId":"WID116"},{"layout":"VERTICAL","widgets":[],"caption":"","field":"VALUE","titldField":"STATICTEXT","type":"ComboBox","id":"ID_ED_PATTERN","subId":"","css":[{"key":"display","value":"inline-block"}],"text":null,"optional":"","volatileInfo":[],"widgetId":"WID117"}],"caption":"","field":"NONE","titldField":"STATICTEXT","type":"Pane","id":"","subId":"","css":[{"key":"display","value":"block"},{"key":"width","value":"550"},{"key":"height","value":"30"}],"text":null,"optional":"","volatileInfo":[],"widgetId":"WID114"},{"layout":"HORIZONTAL","widgets":[{"layout":"VERTICAL","widgets":[],"caption":"","field":"TITLE","titldField":"STATICTEXT","type":"Label","id":"ID_ED_FREQUENCY","subId":"","css":[{"key":"display","value":"inline-block"}],"text":null,"optional":"","volatileInfo":[],"widgetId":"WID119"},{"layout":"VERTICAL","widgets":[],"caption":"","field":"NONE","titldField":"STATICTEXT","type":"StaticText","id":"","subId":"","css":[{"key":"display","value":"inline-block"}],"text":":","optional":"","volatileInfo":[],"widgetId":"WID120"},{"layout":"VERTICAL","widgets":[],"caption":"","field":"VALUE","titldField":"STATICTEXT","type":"TextField","id":"ID_ED_FREQUENCY","subId":"","css":[{"key":"display","value":"inline-block"}],"text":null,"optional":"","volatileInfo":[],"widgetId":"WID121"},{"layout":"VERTICAL","widgets":[],"caption":"","field":"UNIT","titldField":"STATICTEXT","type":"Label","id":"ID_ED_FREQUENCY","subId":"","css":[{"key":"display","value":"inline-block"}],"text":null,"optional":"","volatileInfo":[],"widgetId":"WID122"}],"caption":"","field":"NONE","titldField":"STATICTEXT","type":"Pane","id":"","subId":"","css":[{"key":"display","value":"block"},{"key":"width","value":"550"},{"key":"height","value":"30"}],"text":null,"optional":"","volatileInfo":[],"widgetId":"WID118"},{"layout":"HORIZONTAL","widgets":[{"layout":"VERTICAL","widgets":[],"caption":"","field":"TITLE","titldField":"STATICTEXT","type":"Label","id":"ID_PPG_MODULATION","subId":"","css":[{"key":"display","value":"inline-block"}],"text":null,"optional":"","volatileInfo":[],"widgetId":"WID124"},{"layout":"VERTICAL","widgets":[],"caption":"","field":"NONE","titldField":"STATICTEXT","type":"StaticText","id":"","subId":"","css":[{"key":"display","value":"inline-block"}],"text":":","optional":"","volatileInfo":[],"widgetId":"WID125"},{"layout":"VERTICAL","widgets":[],"caption":"","field":"VALUE","titldField":"STATICTEXT","type":"ComboBox","id":"ID_PPG_MODULATION","subId":"","css":[{"key":"display","value":"inline-block"}],"text":null,"optional":"","volatileInfo":[],"widgetId":"WID126"}],"caption":"","field":"NONE","titldField":"STATICTEXT","type":"Pane","id":"","subId":"","css":[{"key":"display","value":"block"},{"key":"width","value":"100%"},{"key":"height","value":"30"}],"text":null,"optional":"","volatileInfo":[],"widgetId":"WID123"},{"layout":"HORIZONTAL","widgets":[{"layout":"VERTICAL","widgets":[],"caption":"","field":"TITLE","titldField":"STATICTEXT","type":"Label","id":"ID_ED_MODULATION","subId":"","css":[{"key":"display","value":"inline-block"}],"text":null,"optional":"","volatileInfo":[],"widgetId":"WID128"},{"layout":"VERTICAL","widgets":[],"caption":"","field":"NONE","titldField":"STATICTEXT","type":"StaticText","id":"","subId":"","css":[{"key":"display","value":"inline-block"}],"text":":","optional":"","volatileInfo":[],"widgetId":"WID129"},{"layout":"VERTICAL","widgets":[],"caption":"","field":"VALUE","titldField":"STATICTEXT","type":"ComboBox","id":"ID_ED_MODULATION","subId":"","css":[{"key":"display","value":"inline-block"}],"text":null,"optional":"","volatileInfo":[],"widgetId":"WID130"}],"caption":"","field":"NONE","titldField":"STATICTEXT","type":"Pane","id":"","subId":"","css":[{"key":"display","value":"block"},{"key":"width","value":"100%"},{"key":"height","value":"30"}],"text":null,"optional":"","volatileInfo":[],"widgetId":"WID127"},{"layout":"HORIZONTAL","widgets":[{"layout":"VERTICAL","widgets":[],"caption":"","field":"NONE","titldField":"STATICTEXT","type":"CheckBox","id":"ID_ED_SYNC","subId":"","css":[{"key":"display","value":"inline-block"},{"key":"padding","value":"5px"},{"key":"width","value":"236.069"},{"key":"height","value":"19.8889"}],"text":null,"optional":"","volatileInfo":[],"widgetId":"WID132"}],"caption":"","field":"NONE","titldField":"STATICTEXT","type":"Pane","id":"","subId":"","css":[{"key":"display","value":"block"},{"key":"width","value":"445"},{"key":"height","value":"45"}],"text":null,"optional":"","volatileInfo":[],"widgetId":"WID131"},{"layout":"HORIZONTAL","widgets":[{"layout":"HORIZONTAL","widgets":[],"caption":"","field":"NONE","titldField":"STATICTEXT","type":"Button","id":"ID_START_ACTION","subId":"","css":[{"key":"display","value":"inline-block"},{"key":"width","value":"120"},{"key":"height","value":"120"},{"key":"background-image","value":"url(\"https://img.icons8.com/flat_round/128/000000/play.png\")"},{"key":"padding","value":"5"},{"key":"margin","value":"3px"},{"key":"font-size","value":"32px"}],"text":null,"optional":"","volatileInfo":[],"widgetId":"WID134"},{"layout":"HORIZONTAL","widgets":[],"caption":"","field":"NONE","titldField":"STATICTEXT","type":"Button","id":"ID_STOP_ACTION","subId":"","css":[{"key":"display","value":"inline-block"},{"key":"width","value":"120"},{"key":"height","value":"120"},{"key":"background-image","value":"url(\"https://img.icons8.com/flat_round/128/000000/stop.png\")"},{"key":"padding","value":"5"},{"key":"margin","value":"3px"},{"key":"font-size","value":"32px"}],"text":null,"optional":"","volatileInfo":[],"widgetId":"WID135"},{"layout":"HORIZONTAL","widgets":[],"caption":"","field":"NONE","titldField":"STATICTEXT","type":"Pane","id":"ID_OTDR_TESTCONTROL","subId":"ID_TEST_MODE_AUTO","css":[{"key":"display","value":"inline-block"},{"key":"width","value":"150"},{"key":"height","value":"40"}],"text":null,"optional":"","volatileInfo":[],"widgetId":"WID136"},{"layout":"HORIZONTAL","widgets":[],"caption":"","field":"NONE","titldField":"STATICTEXT","type":"Button","id":"ID_BERTS_TEST_CONTROL","subId":"","css":[{"key":"display","value":"inline-block"},{"key":"width","value":"115"},{"key":"height","value":"50"},{"key":"padding","value":"5"},{"key":"margin","value":"3px"}],"text":null,"optional":"","volatileInfo":[],"widgetId":"WID137"}],"caption":"","field":"NONE","titldField":"STATICTEXT","type":"Pane","id":"","subId":"","css":[{"key":"display","value":"block"},{"key":"width","value":"100%"},{"key":"height","value":"150"}],"text":null,"optional":"","volatileInfo":[],"widgetId":"WID133"},{"layout":"HORIZONTAL","widgets":[{"layout":"HORIZONTAL","widgets":[],"caption":"","field":"NONE","titldField":"STATICTEXT","type":"Button","id":"ID_BERTS_MODULE1_TESTSTATE","subId":"","css":[{"key":"display","value":"inline-block"},{"key":"width","value":"100"},{"key":"height","value":"50"}],"text":null,"optional":"","volatileInfo":[],"widgetId":"WID139"},{"layout":"HORIZONTAL","widgets":[],"caption":"","field":"NONE","titldField":"STATICTEXT","type":"Button","id":"ID_BERTS_MODULE2_TESTSTATE","subId":"","css":[{"key":"display","value":"inline-block"},{"key":"width","value":"100"},{"key":"height","value":"50"}],"text":null,"optional":"","volatileInfo":[],"widgetId":"WID140"}],"caption":"","field":"NONE","titldField":"STATICTEXT","type":"Pane","id":"","subId":"","css":[{"key":"display","value":"block"},{"key":"width","value":"100%"},{"key":"height","value":"80"}],"text":null,"optional":"","volatileInfo":[],"widgetId":"WID138"},{"layout":"HORIZONTAL","widgets":[{"layout":"HORIZONTAL","widgets":[],"caption":"","field":"NONE","titldField":"STATICTEXT","type":"ComboBox","id":"ID_BERT_STATE_MODULE1","subId":"","css":[{"key":"display","value":"inline-block"},{"key":"width","value":"110"},{"key":"height","value":"30"}],"text":null,"optional":"","volatileInfo":[],"widgetId":"WID142"},{"layout":"HORIZONTAL","widgets":[],"caption":"","field":"NONE","titldField":"STATICTEXT","type":"ComboBox","id":"ID_BERT_STATE_MODULE2","subId":"","css":[{"key":"display","value":"inline-block"},{"key":"width","value":"110"},{"key":"height","value":"30"}],"text":null,"optional":"","volatileInfo":[],"widgetId":"WID143"}],"caption":"","field":"NONE","titldField":"STATICTEXT","type":"Pane","id":"","subId":"","css":[{"key":"display","value":"block"},{"key":"width","value":"100%"},{"key":"height","value":"40"}],"text":null,"optional":"","volatileInfo":[],"widgetId":"WID141"}],"caption":"","field":"NONE","titldField":"STATICTEXT","type":"Pane","id":"","subId":"","css":[{"key":"display","value":"block"},{"key":"width","value":"100%"},{"key":"height","value":"100%"},{"key":"font-family","value":"Arial"}],"text":null,"optional":"","volatileInfo":[],"widgetId":"WID104"}],"caption":"","field":"NONE","titldField":"STATICTEXT","type":"Pane","id":"","subId":"","css":[{"key":"position","value":"absolute"},{"key":"width","value":"645"},{"key":"height","value":"585"},{"key":"border-style","value":"dashed"},{"key":"border-width","value":"1px"}],"text":null,"optional":"$NAME=BERTS","volatileInfo":[],"widgetId":"WID103"},"0_MAIN":{"layout":"ABSOLUTE","widgets":[{"layout":"VERTICAL","widgets":[{"layout":"HORIZONTAL","widgets":[],"caption":"","field":"NONE","titldField":"STATICTEXT","type":"Pane","id":"ID_APPLICATION","subId":"ID_APPLICATION_OSCILLO","css":[{"key":"display","value":"block"},{"key":"width","value":"100%"},{"key":"height","value":"55"}],"text":null,"optional":"$LINK=OSC","volatileInfo":[],"widgetId":"WID147"},{"layout":"HORIZONTAL","widgets":[],"caption":"","field":"NONE","titldField":"STATICTEXT","type":"Pane","id":"ID_APPLICATION","subId":"ID_APPLICATION_OTDR","css":[{"key":"display","value":"block"},{"key":"width","value":"775"},{"key":"height","value":"130"}],"text":null,"optional":"$LINK=OTDR","volatileInfo":[],"widgetId":"WID148"},{"layout":"HORIZONTAL","widgets":[],"caption":"","field":"NONE","titldField":"STATICTEXT","type":"Pane","id":"ID_APPLICATION","subId":"ID_APPLICATION_CONFIG","css":[{"key":"display","value":"block"},{"key":"width","value":"775"},{"key":"height","value":"55"}],"text":null,"optional":"$LINK=CONFIG","volatileInfo":[],"widgetId":"WID149"},{"layout":"HORIZONTAL","widgets":[],"caption":"","field":"NONE","titldField":"STATICTEXT","type":"Pane","id":"ID_APPLICATION","subId":"ID_APPLICATION_TOP","css":[{"key":"display","value":"block"},{"key":"width","value":"100%"},{"key":"height","value":"30"}],"text":null,"optional":"$LINK=TOP","volatileInfo":[],"widgetId":"WID150"},{"layout":"HORIZONTAL","widgets":[],"caption":"","field":"NONE","titldField":"STATICTEXT","type":"Pane","id":"ID_APPLICATION","subId":"ID_APPLICATION_OSA","css":[{"key":"display","value":"block"},{"key":"width","value":"100%"},{"key":"height","value":"30"}],"text":null,"optional":"$LINK=OSA","volatileInfo":[],"widgetId":"WID151"},{"layout":"VERTICAL","widgets":[],"caption":"","field":"NONE","titldField":"STATICTEXT","type":"Pane","id":"ID_APPLICATION","subId":"ID_APPLICATION_FILE_MANAGER","css":[{"key":"display","value":"block"},{"key":"width","value":"100%"},{"key":"height","value":"300"}],"text":null,"optional":"$LINK=FILE","volatileInfo":[],"widgetId":"WID152"},{"layout":"HORIZONTAL","widgets":[],"caption":"","field":"NONE","titldField":"STATICTEXT","type":"Pane","id":"ID_APPLICATION","subId":"ID_APPLICATION_BERTS","css":[{"key":"display","value":"block"},{"key":"width","value":"100%"},{"key":"height","value":"100"}],"text":null,"optional":"$LINK=BERTS","volatileInfo":[],"widgetId":"WID153"}],"caption":"","field":"NONE","titldField":"STATICTEXT","type":"Pane","id":"","subId":"","css":[{"key":"width","value":"775"},{"key":"height","value":"405"},{"key":"position","value":"absolute"},{"key":"top","value":"48.91926099414063px"},{"key":"left","value":"66.96613599414061px"},{"key":"border-width","value":"1px"},{"key":"background-color","value":"white"},{"key":"border-radius","value":"5px"}],"text":null,"optional":"$NAME=MAIN","volatileInfo":[],"widgetId":"WID146"},{"layout":"HORIZONTAL","widgets":[],"caption":"","field":"NONE","titldField":"STATICTEXT","type":"Debug_Register","id":"","subId":"","css":[{"key":"position","value":"absolute"},{"key":"width","value":"95"},{"key":"height","value":"65"},{"key":"top","value":"106.979167px"},{"key":"left","value":"880.9895429765625px"},{"key":"border-style","value":"dashed"},{"key":"border-width","value":"0.5px"}],"text":null,"optional":"MENU@HARDKEY","volatileInfo":[],"widgetId":"WID154"},{"layout":"HORIZONTAL","widgets":[],"caption":"","field":"NONE","titldField":"STATICTEXT","type":"Debug_Register","id":"","subId":"","css":[{"key":"position","value":"absolute"},{"key":"width","value":"90"},{"key":"height","value":"45"},{"key":"top","value":"446.9661283647461px"},{"key":"left","value":"881.953043953125px"}],"text":null,"optional":"FILE@HARDKEY","volatileInfo":[],"widgetId":"WID155"}],"caption":"","field":"NONE","titldField":"STATICTEXT","type":"Pane","id":"","subId":"","css":[{"key":"position","value":"absolute"},{"key":"width","value":"1025"},{"key":"height","value":"515"},{"key":"border-style","value":"dashed"},{"key":"border-width","value":"1px"},{"key":"background-image","value":"url('https://av.watch.impress.co.jp/img/avw/list/1139/833/pana1.jpg')"}],"text":null,"optional":"","volatileInfo":[],"widgetId":"WID145"},"2_OSCILO":{"layout":"ABSOLUTE","widgets":[{"layout":"HORIZONTAL","widgets":[],"caption":"","field":"NONE","titldField":"STATICTEXT","type":"Image","id":"ID_OSC_EYEDIAGRAM","subId":"","css":[{"key":"position","value":"absolute"},{"key":"width","value":"620"},{"key":"height","value":"325"},{"key":"top","value":"2.96875px"},{"key":"left","value":"1.9791717529296875px"},{"key":"border-style","value":"solid"},{"key":"border-width","value":"1px"}],"text":null,"optional":"","volatileInfo":[],"widgetId":"WID158"},{"layout":"HORIZONTAL","widgets":[],"caption":"","field":"NONE","titldField":"STATICTEXT","type":"Button","id":"ID_OSC_TESTCONTROL","subId":"","css":[{"key":"position","value":"absolute"},{"key":"width","value":"100"},{"key":"height","value":"50"},{"key":"top","value":"6.9791717529296875px"},{"key":"left","value":"628.9843444824219px"}],"text":null,"optional":"","volatileInfo":[],"widgetId":"WID159"},{"layout":"HORIZONTAL","widgets":[],"caption":"","field":"NONE","titldField":"STATICTEXT","type":"ComboBox","id":"ID_PPG_PATTERN","subId":"","css":[{"key":"position","value":"absolute"},{"key":"width","value":"110"},{"key":"height","value":"35"},{"key":"top","value":"78.99739074707031px"},{"key":"left","value":"628.9973754882812px"}],"text":null,"optional":"","volatileInfo":[],"widgetId":"WID160"}],"caption":"","field":"NONE","titldField":"STATICTEXT","type":"Pane","id":"","subId":"","css":[{"key":"position","value":"absolute"},{"key":"width","value":"745"},{"key":"height","value":"350"},{"key":"border-width","value":"1px"}],"text":null,"optional":"$NAME=OSC","volatileInfo":[],"widgetId":"WID157"},"7_Cursor":{"layout":"VERTICAL","widgets":[{"layout":"VERTICAL","widgets":[{"layout":"HORIZONTAL","widgets":[{"layout":"VERTICAL","widgets":[],"caption":"","field":"TITLE","titldField":"STATICTEXT","type":"Label","id":"ID_CURSOR_A","subId":"","css":[{"key":"display","value":"inline-block"}],"text":null,"optional":"","volatileInfo":[],"widgetId":"WID165"},{"layout":"VERTICAL","widgets":[],"caption":"","field":"NONE","titldField":"STATICTEXT","type":"StaticText","id":"","subId":"","css":[{"key":"display","value":"inline-block"}],"text":":","optional":"","volatileInfo":[],"widgetId":"WID166"},{"layout":"VERTICAL","widgets":[],"caption":"","field":"VALUE","titldField":"STATICTEXT","type":"TextField","id":"ID_CURSOR_A","subId":"","css":[{"key":"display","value":"inline-block"}],"text":null,"optional":"","volatileInfo":[],"widgetId":"WID167"},{"layout":"VERTICAL","widgets":[],"caption":"","field":"UNIT","titldField":"STATICTEXT","type":"Label","id":"ID_CURSOR_A","subId":"","css":[{"key":"display","value":"inline-block"}],"text":null,"optional":"","volatileInfo":[],"widgetId":"WID168"},{"layout":"HORIZONTAL","widgets":[],"caption":"","field":"NONE","titldField":"STATICTEXT","type":"Button","id":"ID_CURSOR_A_UP","subId":"","css":[{"key":"display","value":"inline-block"},{"key":"width","value":"150"},{"key":"height","value":"25"}],"text":null,"optional":"","volatileInfo":[],"widgetId":"WID169"},{"layout":"HORIZONTAL","widgets":[],"caption":"","field":"NONE","titldField":"STATICTEXT","type":"Button","id":"ID_CURSOR_A_DOWN","subId":"","css":[{"key":"display","value":"inline-block"},{"key":"width","value":"150"},{"key":"height","value":"25"}],"text":null,"optional":"","volatileInfo":[],"widgetId":"WID170"},{"layout":"HORIZONTAL","widgets":[],"caption":"","field":"MIN","titldField":"STATICTEXT","type":"Label","id":"ID_CURSOR_A","subId":"","css":[{"key":"display","value":"inline-block"},{"key":"width","value":"75"},{"key":"height","value":"25"}],"text":null,"optional":"","volatileInfo":[],"widgetId":"WID171"},{"layout":"HORIZONTAL","widgets":[],"caption":"","field":"MAX","titldField":"STATICTEXT","type":"Label","id":"ID_CURSOR_A","subId":"","css":[{"key":"display","value":"inline-block"},{"key":"width","value":"100"},{"key":"height","value":"30"}],"text":null,"optional":"","volatileInfo":[],"widgetId":"WID172"}],"caption":"","field":"NONE","titldField":"STATICTEXT","type":"Pane","id":"","subId":"","css":[{"key":"width","value":"785"},{"key":"height","value":"50"},{"key":"display","value":"block"},{"key":"vertical-align","value":"top"}],"text":null,"optional":"","volatileInfo":[],"widgetId":"WID164"},{"layout":"HORIZONTAL","widgets":[{"layout":"VERTICAL","widgets":[],"caption":"","field":"TITLE","titldField":"STATICTEXT","type":"Label","id":"ID_CURSOR_B","subId":"","css":[{"key":"display","value":"inline-block"}],"text":null,"optional":"","volatileInfo":[],"widgetId":"WID174"},{"layout":"VERTICAL","widgets":[],"caption":"","field":"NONE","titldField":"STATICTEXT","type":"StaticText","id":"","subId":"","css":[{"key":"display","value":"inline-block"}],"text":":","optional":"","volatileInfo":[],"widgetId":"WID175"},{"layout":"VERTICAL","widgets":[],"caption":"","field":"VALUE","titldField":"STATICTEXT","type":"TextField","id":"ID_CURSOR_B","subId":"","css":[{"key":"display","value":"inline-block"}],"text":null,"optional":"","volatileInfo":[],"widgetId":"WID176"},{"layout":"VERTICAL","widgets":[],"caption":"","field":"UNIT","titldField":"STATICTEXT","type":"Label","id":"ID_CURSOR_B","subId":"","css":[{"key":"display","value":"inline-block"}],"text":null,"optional":"","volatileInfo":[],"widgetId":"WID177"},{"layout":"HORIZONTAL","widgets":[],"caption":"","field":"NONE","titldField":"STATICTEXT","type":"Button","id":"ID_CURSOR_B_UP","subId":"","css":[{"key":"display","value":"inline-block"},{"key":"width","value":"150"},{"key":"height","value":"25"}],"text":null,"optional":"","volatileInfo":[],"widgetId":"WID178"},{"layout":"HORIZONTAL","widgets":[],"caption":"","field":"NONE","titldField":"STATICTEXT","type":"Button","id":"ID_CURSOR_B_DOWN","subId":"","css":[{"key":"display","value":"inline-block"},{"key":"width","value":"150"},{"key":"height","value":"25"}],"text":null,"optional":"","volatileInfo":[],"widgetId":"WID179"},{"layout":"HORIZONTAL","widgets":[],"caption":"","field":"MIN","titldField":"STATICTEXT","type":"Label","id":"ID_CURSOR_B","subId":"","css":[{"key":"display","value":"inline-block"},{"key":"width","value":"75"},{"key":"height","value":"30"}],"text":null,"optional":"","volatileInfo":[],"widgetId":"WID180"},{"layout":"HORIZONTAL","widgets":[],"caption":"","field":"MAX","titldField":"STATICTEXT","type":"Label","id":"ID_CURSOR_B","subId":"","css":[{"key":"display","value":"inline-block"},{"key":"width","value":"100"},{"key":"height","value":"30"}],"text":null,"optional":"","volatileInfo":[],"widgetId":"WID181"}],"caption":"","field":"NONE","titldField":"STATICTEXT","type":"Pane","id":"","subId":"","css":[{"key":"width","value":"795"},{"key":"height","value":"40"},{"key":"display","value":"block"},{"key":"vertical-align","value":"top"}],"text":null,"optional":"","volatileInfo":[],"widgetId":"WID173"},{"layout":"HORIZONTAL","widgets":[{"layout":"VERTICAL","widgets":[],"caption":"","field":"TITLE","titldField":"STATICTEXT","type":"Label","id":"ID_WAVELENGTH_UPPERLIMIT","subId":"","css":[{"key":"display","value":"inline-block"}],"text":null,"optional":"","volatileInfo":[],"widgetId":"WID183"},{"layout":"VERTICAL","widgets":[],"caption":"","field":"NONE","titldField":"STATICTEXT","type":"StaticText","id":"","subId":"","css":[{"key":"display","value":"inline-block"}],"text":":","optional":"","volatileInfo":[],"widgetId":"WID184"},{"layout":"VERTICAL","widgets":[],"caption":"","field":"VALUE","titldField":"STATICTEXT","type":"TextField","id":"ID_WAVELENGTH_UPPERLIMIT","subId":"","css":[{"key":"display","value":"inline-block"}],"text":null,"optional":"","volatileInfo":[],"widgetId":"WID185"},{"layout":"VERTICAL","widgets":[],"caption":"","field":"UNIT","titldField":"STATICTEXT","type":"Label","id":"ID_WAVELENGTH_UPPERLIMIT","subId":"","css":[{"key":"display","value":"inline-block"}],"text":null,"optional":"","volatileInfo":[],"widgetId":"WID186"}],"caption":"","field":"NONE","titldField":"STATICTEXT","type":"Pane","id":"","subId":"","css":[{"key":"display","value":"block"},{"key":"width","value":"685"},{"key":"height","value":"50"}],"text":null,"optional":"","volatileInfo":[],"widgetId":"WID182"},{"layout":"HORIZONTAL","widgets":[{"layout":"VERTICAL","widgets":[],"caption":"","field":"TITLE","titldField":"STATICTEXT","type":"Label","id":"ID_WAVELENGTH_LOWERLIMIT","subId":"","css":[{"key":"display","value":"inline-block"}],"text":null,"optional":"","volatileInfo":[],"widgetId":"WID188"},{"layout":"VERTICAL","widgets":[],"caption":"","field":"NONE","titldField":"STATICTEXT","type":"StaticText","id":"","subId":"","css":[{"key":"display","value":"inline-block"}],"text":":","optional":"","volatileInfo":[],"widgetId":"WID189"},{"layout":"VERTICAL","widgets":[],"caption":"","field":"VALUE","titldField":"STATICTEXT","type":"TextField","id":"ID_WAVELENGTH_LOWERLIMIT","subId":"","css":[{"key":"display","value":"inline-block"}],"text":null,"optional":"","volatileInfo":[],"widgetId":"WID190"},{"layout":"VERTICAL","widgets":[],"caption":"","field":"UNIT","titldField":"STATICTEXT","type":"Label","id":"ID_WAVELENGTH_LOWERLIMIT","subId":"","css":[{"key":"display","value":"inline-block"}],"text":null,"optional":"","volatileInfo":[],"widgetId":"WID191"}],"caption":"","field":"NONE","titldField":"STATICTEXT","type":"Pane","id":"","subId":"","css":[{"key":"display","value":"block"},{"key":"width","value":"510"},{"key":"height","value":"60"}],"text":null,"optional":"","volatileInfo":[],"widgetId":"WID187"},{"layout":"HORIZONTAL","widgets":[],"caption":"","field":"NONE","titldField":"STATICTEXT","type":"Slider","id":"ID_CURSOR_A","subId":"","css":[{"key":"display","value":"block"},{"key":"width","value":"100%"},{"key":"height","value":"40"}],"text":null,"optional":"","volatileInfo":[],"widgetId":"WID192"},{"layout":"HORIZONTAL","widgets":[],"caption":"","field":"NONE","titldField":"STATICTEXT","type":"Slider","id":"ID_CURSOR_B","subId":"","css":[{"key":"display","value":"block"},{"key":"width","value":"100%"},{"key":"height","value":"45"}],"text":null,"optional":"","volatileInfo":[],"widgetId":"WID193"},{"layout":"HORIZONTAL","widgets":[{"layout":"VERTICAL","widgets":[],"caption":"","field":"TITLE","titldField":"STATICTEXT","type":"Label","id":"ID_START_WAVELENGTH","subId":"","css":[{"key":"display","value":"inline-block"}],"text":null,"optional":"","volatileInfo":[],"widgetId":"WID195"},{"layout":"VERTICAL","widgets":[],"caption":"","field":"NONE","titldField":"STATICTEXT","type":"StaticText","id":"","subId":"","css":[{"key":"display","value":"inline-block"}],"text":":","optional":"","volatileInfo":[],"widgetId":"WID196"},{"layout":"VERTICAL","widgets":[],"caption":"","field":"VALUE","titldField":"STATICTEXT","type":"TextField","id":"ID_START_WAVELENGTH","subId":"","css":[{"key":"display","value":"inline-block"}],"text":null,"optional":"","volatileInfo":[],"widgetId":"WID197"},{"layout":"VERTICAL","widgets":[],"caption":"","field":"UNIT","titldField":"STATICTEXT","type":"Label","id":"ID_START_WAVELENGTH","subId":"","css":[{"key":"display","value":"inline-block"}],"text":null,"optional":"","volatileInfo":[],"widgetId":"WID198"}],"caption":"","field":"NONE","titldField":"STATICTEXT","type":"Pane","id":"","subId":"","css":[{"key":"display","value":"block"},{"key":"width","value":"100%"},{"key":"height","value":"30"}],"text":null,"optional":"","volatileInfo":[],"widgetId":"WID194"},{"layout":"HORIZONTAL","widgets":[{"layout":"VERTICAL","widgets":[],"caption":"","field":"TITLE","titldField":"STATICTEXT","type":"Label","id":"ID_STOP_WAVELENGTH","subId":"","css":[{"key":"display","value":"inline-block"}],"text":null,"optional":"","volatileInfo":[],"widgetId":"WID200"},{"layout":"VERTICAL","widgets":[],"caption":"","field":"NONE","titldField":"STATICTEXT","type":"StaticText","id":"","subId":"","css":[{"key":"display","value":"inline-block"}],"text":":","optional":"","volatileInfo":[],"widgetId":"WID201"},{"layout":"VERTICAL","widgets":[],"caption":"","field":"VALUE","titldField":"STATICTEXT","type":"TextField","id":"ID_STOP_WAVELENGTH","subId":"","css":[{"key":"display","value":"inline-block"}],"text":null,"optional":"","volatileInfo":[],"widgetId":"WID202"},{"layout":"VERTICAL","widgets":[],"caption":"","field":"UNIT","titldField":"STATICTEXT","type":"Label","id":"ID_STOP_WAVELENGTH","subId":"","css":[{"key":"display","value":"inline-block"}],"text":null,"optional":"","volatileInfo":[],"widgetId":"WID203"}],"caption":"","field":"NONE","titldField":"STATICTEXT","type":"Pane","id":"","subId":"","css":[{"key":"display","value":"block"},{"key":"width","value":"100%"},{"key":"height","value":"30"}],"text":null,"optional":"","volatileInfo":[],"widgetId":"WID199"},{"layout":"HORIZONTAL","widgets":[],"caption":"","field":"NONE","titldField":"STATICTEXT","type":"Slider","id":"ID_START_WAVELENGTH","subId":"","css":[{"key":"display","value":"block"},{"key":"width","value":"100%"},{"key":"height","value":"40"}],"text":null,"optional":"","volatileInfo":[],"widgetId":"WID204"},{"layout":"HORIZONTAL","widgets":[],"caption":"","field":"NONE","titldField":"STATICTEXT","type":"Slider","id":"ID_STOP_WAVELENGTH","subId":"","css":[{"key":"display","value":"block"},{"key":"width","value":"100%"},{"key":"height","value":"40"}],"text":null,"optional":"","volatileInfo":[],"widgetId":"WID205"}],"caption":"","field":"NONE","titldField":"STATICTEXT","type":"Pane","id":"","subId":"","css":[{"key":"width","value":"795"},{"key":"height","value":"460"},{"key":"display","value":"block"}],"text":null,"optional":"","volatileInfo":[],"widgetId":"WID163"},{"layout":"HORIZONTAL","widgets":[{"layout":"VERTICAL","widgets":[],"caption":"","field":"TITLE","titldField":"STATICTEXT","type":"Label","id":"ID_BAND","subId":"","css":[{"key":"display","value":"inline-block"}],"text":null,"optional":"","volatileInfo":[],"widgetId":"WID207"},{"layout":"VERTICAL","widgets":[],"caption":"","field":"NONE","titldField":"STATICTEXT","type":"StaticText","id":"","subId":"","css":[{"key":"display","value":"inline-block"}],"text":":","optional":"","volatileInfo":[],"widgetId":"WID208"},{"layout":"VERTICAL","widgets":[{"layout":"VERTICAL","widgets":[],"caption":"","field":"VALUE","titldField":"STATICTEXT","type":"ToggleButton","id":"ID_BAND","subId":"ID_BAND_0S","css":[{"key":"display","value":"block"}],"text":null,"optional":"","volatileInfo":[],"widgetId":"WID210"},{"layout":"VERTICAL","widgets":[],"caption":"","field":"VALUE","titldField":"STATICTEXT","type":"ToggleButton","id":"ID_BAND","subId":"ID_BAND_1C","css":[{"key":"display","value":"block"}],"text":null,"optional":"","volatileInfo":[],"widgetId":"WID211"},{"layout":"VERTICAL","widgets":[],"caption":"","field":"VALUE","titldField":"STATICTEXT","type":"ToggleButton","id":"ID_BAND","subId":"ID_BAND_2L","css":[{"key":"display","value":"block"}],"text":null,"optional":"","volatileInfo":[],"widgetId":"WID212"},{"layout":"VERTICAL","widgets":[],"caption":"","field":"VALUE","titldField":"STATICTEXT","type":"ToggleButton","id":"ID_BAND","subId":"ID_BAND_AUTO","css":[{"key":"display","value":"block"}],"text":null,"optional":"","volatileInfo":[],"widgetId":"WID213"},{"layout":"VERTICAL","widgets":[],"caption":"","field":"VALUE","titldField":"STATICTEXT","type":"ToggleButton","id":"ID_BAND","subId":"ID_BAND_USER","css":[{"key":"display","value":"block"}],"text":null,"optional":"","volatileInfo":[],"widgetId":"WID214"}],"caption":"","field":"VALUE","titldField":"STATICTEXT","type":"ComboBox","id":"ID_BAND","subId":"","css":[{"key":"display","value":"inline-block"}],"text":null,"optional":"","volatileInfo":[],"widgetId":"WID209"}],"caption":"","field":"NONE","titldField":"STATICTEXT","type":"Pane","id":"","subId":"","css":[{"key":"display","value":"block"},{"key":"width","value":"100%"},{"key":"height","value":"30"}],"text":null,"optional":"","volatileInfo":[],"widgetId":"WID206"},{"layout":"HORIZONTAL","widgets":[],"caption":"","field":"NONE","titldField":"STATICTEXT","type":"Slider","id":"ID_CURSOR_STEP","subId":"","css":[{"key":"display","value":"block"},{"key":"width","value":"100%"},{"key":"height","value":"30"}],"text":null,"optional":"","volatileInfo":[],"widgetId":"WID215"},{"layout":"HORIZONTAL","widgets":[{"layout":"VERTICAL","widgets":[],"caption":"","field":"TITLE","titldField":"STATICTEXT","type":"Label","id":"ID_CURSOR_STEP","subId":"","css":[{"key":"display","value":"inline-block"}],"text":null,"optional":"","volatileInfo":[],"widgetId":"WID217"},{"layout":"VERTICAL","widgets":[],"caption":"","field":"NONE","titldField":"STATICTEXT","type":"StaticText","id":"","subId":"","css":[{"key":"display","value":"inline-block"}],"text":":","optional":"","volatileInfo":[],"widgetId":"WID218"},{"layout":"VERTICAL","widgets":[],"caption":"","field":"VALUE","titldField":"STATICTEXT","type":"TextField","id":"ID_CURSOR_STEP","subId":"","css":[{"key":"display","value":"inline-block"}],"text":null,"optional":"","volatileInfo":[],"widgetId":"WID219"},{"layout":"VERTICAL","widgets":[],"caption":"","field":"UNIT","titldField":"STATICTEXT","type":"Label","id":"ID_CURSOR_STEP","subId":"","css":[{"key":"display","value":"inline-block"}],"text":null,"optional":"","volatileInfo":[],"widgetId":"WID220"}],"caption":"","field":"NONE","titldField":"STATICTEXT","type":"Pane","id":"","subId":"","css":[{"key":"display","value":"block"},{"key":"width","value":"100%"},{"key":"height","value":"30"}],"text":null,"optional":"","volatileInfo":[],"widgetId":"WID216"}],"caption":"","field":"NONE","titldField":"STATICTEXT","type":"Pane","id":"","subId":"","css":[{"key":"position","value":"absolute"},{"key":"width","value":"800"},{"key":"height","value":"600"},{"key":"border-style","value":"dashed"},{"key":"border-width","value":"1px"}],"text":null,"optional":"","volatileInfo":[],"widgetId":"WID162"},"Undefined9":{"layout":"VERTICAL","widgets":[{"layout":"HORIZONTAL","widgets":[],"caption":"","field":"NONE","titldField":"STATICTEXT","type":"Pane","id":"","subId":"","css":[{"key":"display","value":"block"},{"key":"width","value":"100%"},{"key":"height","value":"125"}],"text":null,"optional":"$LINK=TOP","volatileInfo":[],"widgetId":"WID223"}],"caption":"","field":"NONE","titldField":"STATICTEXT","type":"Pane","id":"","subId":"","css":[{"key":"position","value":"absolute"},{"key":"width","value":"800"},{"key":"height","value":"600"},{"key":"border-style","value":"dashed"},{"key":"border-width","value":"1px"}],"text":null,"optional":"","volatileInfo":[],"widgetId":"WID222"},"1_OTDR":{"layout":"ABSOLUTE","widgets":[{"layout":"HORIZONTAL","widgets":[],"caption":"","field":"NONE","titldField":"STATICTEXT","type":"Chart","id":"ID_TRACE","subId":"","css":[{"key":"width","value":"635"},{"key":"height","value":"115"},{"key":"position","value":"absolute"},{"key":"top","value":"130.9895782470703px"},{"key":"left","value":"6.9921875px"}],"text":null,"optional":"","volatileInfo":[],"widgetId":"WID226"},{"layout":"HORIZONTAL","widgets":[],"caption":"","field":"NONE","titldField":"STATICTEXT","type":"Button","id":"ID_OTDR_TESTCONTROL","subId":"","css":[{"key":"position","value":"absolute"},{"key":"width","value":"105"},{"key":"height","value":"50"},{"key":"top","value":"10.989593505859375px"},{"key":"left","value":"650.9895935058594px"}],"text":null,"optional":"","volatileInfo":[],"widgetId":"WID227"},{"layout":"HORIZONTAL","widgets":[],"caption":"","field":"NONE","titldField":"STATICTEXT","type":"Table","id":"ID_TABLE","subId":"","css":[{"key":"position","value":"absolute"},{"key":"width","value":"645"},{"key":"height","value":"145"},{"key":"top","value":"251.9791717529297px"},{"key":"left","value":"6.9921875px"}],"text":null,"optional":"","volatileInfo":[],"widgetId":"WID228"},{"layout":"VERTICAL","widgets":[{"layout":"VERTICAL","widgets":[],"caption":"","field":"VALUE","titldField":"STATICTEXT","type":"ToggleButton","id":"ID_COLLECMODE","subId":"ID_COLLECMODE_AVERAGE","css":[{"key":"display","value":"block"}],"text":null,"optional":"","volatileInfo":[],"widgetId":"WID230"},{"layout":"VERTICAL","widgets":[],"caption":"","field":"VALUE","titldField":"STATICTEXT","type":"ToggleButton","id":"ID_COLLECMODE","subId":"ID_COLLECMODE_REALTIME","css":[{"key":"display","value":"block"}],"text":null,"optional":"","volatileInfo":[],"widgetId":"WID231"}],"caption":"","field":"NONE","titldField":"STATICTEXT","type":"Pane","id":"ID_COLLECMODE","subId":"","css":[{"key":"position","value":"absolute"},{"key":"width","value":"85"},{"key":"height","value":"75"},{"key":"top","value":"76.9921875px"},{"key":"left","value":"650.9817810058594px"}],"text":null,"optional":"","volatileInfo":[],"widgetId":"WID229"},{"layout":"HORIZONTAL","widgets":[{"layout":"VERTICAL","widgets":[],"caption":"","field":"VALUE","titldField":"STATICTEXT","type":"ToggleButton","id":"ID_DISTANCERANGE","subId":"ID_DISTANCERANGE_1KM","css":[{"key":"display","value":"inline-block"},{"key":"width","value":"89.1146"},{"key":"height","value":"18.6589"}],"text":null,"optional":"","volatileInfo":[],"widgetId":"WID233"},{"layout":"VERTICAL","widgets":[],"caption":"","field":"VALUE","titldField":"STATICTEXT","type":"ToggleButton","id":"ID_DISTANCERANGE","subId":"ID_DISTANCERANGE_10KM","css":[{"key":"display","value":"inline-block"},{"key":"width","value":"89.1146"},{"key":"height","value":"18.6589"}],"text":null,"optional":"","volatileInfo":[],"widgetId":"WID234"},{"layout":"VERTICAL","widgets":[],"caption":"","field":"VALUE","titldField":"STATICTEXT","type":"ToggleButton","id":"ID_DISTANCERANGE","subId":"ID_DISTANCERANGE_20KM","css":[{"key":"display","value":"inline-block"},{"key":"width","value":"89.1146"},{"key":"height","value":"18.6589"}],"text":null,"optional":"","volatileInfo":[],"widgetId":"WID235"},{"layout":"VERTICAL","widgets":[],"caption":"","field":"VALUE","titldField":"STATICTEXT","type":"ToggleButton","id":"ID_DISTANCERANGE","subId":"ID_DISTANCERANGE_50KM","css":[{"key":"display","value":"inline-block"},{"key":"width","value":"89.1146"},{"key":"height","value":"18.6589"}],"text":null,"optional":"","volatileInfo":[],"widgetId":"WID236"},{"layout":"VERTICAL","widgets":[],"caption":"","field":"VALUE","titldField":"STATICTEXT","type":"ToggleButton","id":"ID_DISTANCERANGE","subId":"ID_DISTANCERANGE_100KM","css":[{"key":"display","value":"inline-block"},{"key":"width","value":"89.1146"},{"key":"height","value":"18.6589"}],"text":null,"optional":"","volatileInfo":[],"widgetId":"WID237"},{"layout":"VERTICAL","widgets":[],"caption":"","field":"VALUE","titldField":"STATICTEXT","type":"ToggleButton","id":"ID_DISTANCERANGE","subId":"ID_DISTANCERANGE_200KM","css":[{"key":"display","value":"inline-block"},{"key":"width","value":"89.1146"},{"key":"height","value":"18.6589"}],"text":null,"optional":"","volatileInfo":[],"widgetId":"WID238"}],"caption":"","field":"NONE","titldField":"STATICTEXT","type":"Pane","id":"ID_DISTANCERANGE","subId":"","css":[{"key":"position","value":"absolute"},{"key":"width","value":"600"},{"key":"height","value":"45"},{"key":"top","value":"4px"},{"key":"left","value":"4px"}],"text":null,"optional":"","volatileInfo":[],"widgetId":"WID232"},{"layout":"HORIZONTAL","widgets":[{"layout":"VERTICAL","widgets":[],"caption":"","field":"VALUE","titldField":"STATICTEXT","type":"ToggleButton","id":"ID_PULSEWIDTH","subId":"ID_PULSEWIDTH_1NS","css":[{"key":"display","value":"inline-block"},{"key":"width","value":"89.6875"},{"key":"height","value":"18.6589"}],"text":null,"optional":"","volatileInfo":[],"widgetId":"WID240"},{"layout":"VERTICAL","widgets":[],"caption":"","field":"VALUE","titldField":"STATICTEXT","type":"ToggleButton","id":"ID_PULSEWIDTH","subId":"ID_PULSEWIDTH_10NS","css":[{"key":"display","value":"inline-block"},{"key":"width","value":"89.6875"},{"key":"height","value":"18.6589"}],"text":null,"optional":"","volatileInfo":[],"widgetId":"WID241"},{"layout":"VERTICAL","widgets":[],"caption":"","field":"VALUE","titldField":"STATICTEXT","type":"ToggleButton","id":"ID_PULSEWIDTH","subId":"ID_PULSEWIDTH_20NS","css":[{"key":"display","value":"inline-block"},{"key":"width","value":"89.6875"},{"key":"height","value":"18.6589"}],"text":null,"optional":"","volatileInfo":[],"widgetId":"WID242"},{"layout":"VERTICAL","widgets":[],"caption":"","field":"VALUE","titldField":"STATICTEXT","type":"ToggleButton","id":"ID_PULSEWIDTH","subId":"ID_PULSEWIDTH_50NS","css":[{"key":"display","value":"inline-block"},{"key":"width","value":"89.6875"},{"key":"height","value":"18.6589"}],"text":null,"optional":"","volatileInfo":[],"widgetId":"WID243"},{"layout":"VERTICAL","widgets":[],"caption":"","field":"VALUE","titldField":"STATICTEXT","type":"ToggleButton","id":"ID_PULSEWIDTH","subId":"ID_PULSEWIDTH_100NS","css":[{"key":"display","value":"inline-block"},{"key":"width","value":"89.6875"},{"key":"height","value":"18.6589"}],"text":null,"optional":"","volatileInfo":[],"widgetId":"WID244"},{"layout":"VERTICAL","widgets":[],"caption":"","field":"VALUE","titldField":"STATICTEXT","type":"ToggleButton","id":"ID_PULSEWIDTH","subId":"ID_PULSEWIDTH_500NS","css":[{"key":"display","value":"inline-block"},{"key":"width","value":"89.6875"},{"key":"height","value":"18.6589"}],"text":null,"optional":"","volatileInfo":[],"widgetId":"WID245"}],"caption":"","field":"NONE","titldField":"STATICTEXT","type":"Pane","id":"ID_PULSEWIDTH","subId":"","css":[{"key":"position","value":"absolute"},{"key":"width","value":"600"},{"key":"height","value":"40"},{"key":"top","value":"67.99479675292969px"},{"key":"left","value":"4.9791717529296875px"}],"text":null,"optional":"","volatileInfo":[],"widgetId":"WID239"},{"layout":"HORIZONTAL","widgets":[],"caption":"","field":"NONE","titldField":"STATICTEXT","type":"ToggleButton","id":"ID_OPTION_001","subId":"","css":[{"key":"position","value":"absolute"},{"key":"width","value":"100"},{"key":"height","value":"30"},{"key":"top","value":"178.984375px"},{"key":"left","value":"654.9999694824219px"}],"text":null,"optional":"","volatileInfo":[],"widgetId":"WID246"},{"layout":"HORIZONTAL","widgets":[],"caption":"","field":"NONE","titldField":"STATICTEXT","type":"ToggleButton","id":"ID_OPTION_002","subId":"","css":[{"key":"position","value":"absolute"},{"key":"width","value":"100"},{"key":"height","value":"30"},{"key":"top","value":"226.9921875px"},{"key":"left","value":"654.9869384765625px"}],"text":null,"optional":"","volatileInfo":[],"widgetId":"WID247"},{"layout":"HORIZONTAL","widgets":[],"caption":"","field":"NONE","titldField":"STATICTEXT","type":"ToggleButton","id":"ID_OPTION_003","subId":"","css":[{"key":"position","value":"absolute"},{"key":"width","value":"100"},{"key":"height","value":"30"},{"key":"top","value":"272.98175048828125px"},{"key":"left","value":"654.9869384765625px"}],"text":null,"optional":"","volatileInfo":[],"widgetId":"WID248"}],"caption":"","field":"NONE","titldField":"STATICTEXT","type":"Pane","id":"","subId":"","css":[{"key":"position","value":"absolute"},{"key":"width","value":"795"},{"key":"height","value":"385"},{"key":"border-width","value":"1px"},{"key":"font-family","value":"Arial"}],"text":null,"optional":"$NAME=OTDR","volatileInfo":[],"widgetId":"WID225"},"Undefined3":{"layout":"VERTICAL","widgets":[],"caption":"","field":"NONE","titldField":"STATICTEXT","type":"Pane","id":"","subId":"","css":[{"key":"position","value":"absolute"},{"key":"width","value":"800"},{"key":"height","value":"600"},{"key":"border-style","value":"dashed"},{"key":"border-width","value":"1px"}],"text":null,"optional":"","volatileInfo":[],"widgetId":"WID250"},"Debug":{"layout":"VERTICAL","widgets":[{"layout":"HORIZONTAL","widgets":[{"layout":"VERTICAL","widgets":[],"caption":"","field":"VALUE","titldField":"STATICTEXT","type":"ToggleButton","id":"ID_APPLICATION","subId":"ID_APPLICATION_BERTS","css":[{"key":"display","value":"inline-block"}],"text":null,"optional":"","volatileInfo":[],"widgetId":"WID254"},{"layout":"VERTICAL","widgets":[],"caption":"","field":"VALUE","titldField":"STATICTEXT","type":"ToggleButton","id":"ID_APPLICATION","subId":"ID_APPLICATION_CONFIG","css":[{"key":"display","value":"inline-block"}],"text":null,"optional":"","volatileInfo":[],"widgetId":"WID255"},{"layout":"VERTICAL","widgets":[],"caption":"","field":"VALUE","titldField":"STATICTEXT","type":"ToggleButton","id":"ID_APPLICATION","subId":"ID_APPLICATION_OSA","css":[{"key":"display","value":"inline-block"}],"text":null,"optional":"","volatileInfo":[],"widgetId":"WID256"},{"layout":"VERTICAL","widgets":[],"caption":"","field":"VALUE","titldField":"STATICTEXT","type":"ToggleButton","id":"ID_APPLICATION","subId":"ID_APPLICATION_OSCILLO","css":[{"key":"display","value":"inline-block"}],"text":null,"optional":"","volatileInfo":[],"widgetId":"WID257"},{"layout":"VERTICAL","widgets":[],"caption":"","field":"VALUE","titldField":"STATICTEXT","type":"ToggleButton","id":"ID_APPLICATION","subId":"ID_APPLICATION_OTDR","css":[{"key":"display","value":"inline-block"}],"text":null,"optional":"","volatileInfo":[],"widgetId":"WID258"},{"layout":"VERTICAL","widgets":[],"caption":"","field":"VALUE","titldField":"STATICTEXT","type":"ToggleButton","id":"ID_APPLICATION","subId":"ID_APPLICATION_TOP","css":[{"key":"display","value":"inline-block"}],"text":null,"optional":"","volatileInfo":[],"widgetId":"WID259"}],"caption":"","field":"NONE","titldField":"STATICTEXT","type":"Pane","id":"ID_APPLICATION","subId":"","css":[{"key":"display","value":"block"},{"key":"width","value":"760"},{"key":"height","value":"40"}],"text":null,"optional":"","volatileInfo":[],"widgetId":"WID253"}],"caption":"","field":"NONE","titldField":"STATICTEXT","type":"Pane","id":"","subId":"","css":[{"key":"position","value":"absolute"},{"key":"width","value":"800"},{"key":"height","value":"600"},{"key":"border-style","value":"dashed"},{"key":"border-width","value":"1px"}],"text":null,"optional":"","volatileInfo":[],"widgetId":"WID252"},"099_OTDR2":{"layout":"VERTICAL","widgets":[{"layout":"HORIZONTAL","widgets":[{"layout":"VERTICAL","widgets":[{"layout":"HORIZONTAL","widgets":[{"layout":"VERTICAL","widgets":[],"caption":"","field":"VALUE","titldField":"STATICTEXT","type":"ToggleButton","id":"ID_DISTANCERANGE","subId":"ID_DISTANCERANGE_1KM","css":[{"key":"display","value":"inline-block"},{"key":"width","value":"120"},{"key":"height","value":"45"},{"key":"font-size","value":"20px"},{"key":"font-family","value":"Arial"},{"key":"margin","value":"1px"}],"text":null,"optional":"","volatileInfo":[],"widgetId":"WID8"},{"layout":"VERTICAL","widgets":[],"caption":"","field":"VALUE","titldField":"STATICTEXT","type":"ToggleButton","id":"ID_DISTANCERANGE","subId":"ID_DISTANCERANGE_10KM","css":[{"key":"display","value":"inline-block"},{"key":"width","value":"120"},{"key":"height","value":"45"},{"key":"font-size","value":"20px"},{"key":"font-family","value":"Arial"},{"key":"margin","value":"1px"}],"text":null,"optional":"","volatileInfo":[],"widgetId":"WID9"},{"layout":"VERTICAL","widgets":[],"caption":"","field":"VALUE","titldField":"STATICTEXT","type":"ToggleButton","id":"ID_DISTANCERANGE","subId":"ID_DISTANCERANGE_20KM","css":[{"key":"display","value":"inline-block"},{"key":"width","value":"120"},{"key":"height","value":"45"},{"key":"font-size","value":"20px"},{"key":"font-family","value":"Arial"},{"key":"margin","value":"1px"}],"text":null,"optional":"","volatileInfo":[],"widgetId":"WID10"},{"layout":"VERTICAL","widgets":[],"caption":"","field":"VALUE","titldField":"STATICTEXT","type":"ToggleButton","id":"ID_DISTANCERANGE","subId":"ID_DISTANCERANGE_50KM","css":[{"key":"display","value":"inline-block"},{"key":"width","value":"120"},{"key":"height","value":"45"},{"key":"font-size","value":"20px"},{"key":"font-family","value":"Arial"},{"key":"margin","value":"1px"}],"text":null,"optional":"","volatileInfo":[],"widgetId":"WID11"},{"layout":"VERTICAL","widgets":[],"caption":"","field":"VALUE","titldField":"STATICTEXT","type":"ToggleButton","id":"ID_DISTANCERANGE","subId":"ID_DISTANCERANGE_100KM","css":[{"key":"display","value":"inline-block"},{"key":"width","value":"120"},{"key":"height","value":"45"},{"key":"font-size","value":"20px"},{"key":"font-family","value":"Arial"},{"key":"margin","value":"1px"}],"text":null,"optional":"","volatileInfo":[],"widgetId":"WID12"},{"layout":"VERTICAL","widgets":[],"caption":"","field":"VALUE","titldField":"STATICTEXT","type":"ToggleButton","id":"ID_DISTANCERANGE","subId":"ID_DISTANCERANGE_200KM","css":[{"key":"display","value":"inline-block"},{"key":"width","value":"120"},{"key":"height","value":"45"},{"key":"font-size","value":"20px"},{"key":"font-family","value":"Arial"},{"key":"margin","value":"1px"}],"text":null,"optional":"","volatileInfo":[],"widgetId":"WID13"}],"caption":"","field":"NONE","titldField":"STATICTEXT","type":"Pane","id":"ID_DISTANCERANGE","subId":"","css":[{"key":"width","value":"970"},{"key":"height","value":"75"},{"key":"display","value":"block"}],"text":null,"optional":"","volatileInfo":[],"widgetId":"WID7"},{"layout":"HORIZONTAL","widgets":[{"layout":"VERTICAL","widgets":[],"caption":"","field":"VALUE","titldField":"STATICTEXT","type":"ToggleButton","id":"ID_PULSEWIDTH","subId":"ID_PULSEWIDTH_1NS","css":[{"key":"display","value":"inline-block"},{"key":"width","value":"120px"},{"key":"height","value":"45"},{"key":"font-size","value":"20px"},{"key":"margin","value":"1px"}],"text":null,"optional":"","volatileInfo":[],"widgetId":"WID15"},{"layout":"VERTICAL","widgets":[],"caption":"","field":"VALUE","titldField":"STATICTEXT","type":"ToggleButton","id":"ID_PULSEWIDTH","subId":"ID_PULSEWIDTH_10NS","css":[{"key":"display","value":"inline-block"},{"key":"width","value":"120px"},{"key":"height","value":"45"},{"key":"font-size","value":"20px"},{"key":"margin","value":"1px"}],"text":null,"optional":"","volatileInfo":[],"widgetId":"WID16"},{"layout":"VERTICAL","widgets":[],"caption":"","field":"VALUE","titldField":"STATICTEXT","type":"ToggleButton","id":"ID_PULSEWIDTH","subId":"ID_PULSEWIDTH_20NS","css":[{"key":"display","value":"inline-block"},{"key":"width","value":"120px"},{"key":"height","value":"45"},{"key":"font-size","value":"20px"},{"key":"margin","value":"1px"}],"text":null,"optional":"","volatileInfo":[],"widgetId":"WID17"},{"layout":"VERTICAL","widgets":[],"caption":"","field":"VALUE","titldField":"STATICTEXT","type":"ToggleButton","id":"ID_PULSEWIDTH","subId":"ID_PULSEWIDTH_50NS","css":[{"key":"display","value":"inline-block"},{"key":"width","value":"120px"},{"key":"height","value":"45"},{"key":"font-size","value":"20px"},{"key":"margin","value":"1px"}],"text":null,"optional":"","volatileInfo":[],"widgetId":"WID18"},{"layout":"VERTICAL","widgets":[],"caption":"","field":"VALUE","titldField":"STATICTEXT","type":"ToggleButton","id":"ID_PULSEWIDTH","subId":"ID_PULSEWIDTH_100NS","css":[{"key":"display","value":"inline-block"},{"key":"width","value":"120px"},{"key":"height","value":"45"},{"key":"font-size","value":"20px"},{"key":"margin","value":"1px"}],"text":null,"optional":"","volatileInfo":[],"widgetId":"WID19"},{"layout":"VERTICAL","widgets":[],"caption":"","field":"VALUE","titldField":"STATICTEXT","type":"ToggleButton","id":"ID_PULSEWIDTH","subId":"ID_PULSEWIDTH_500NS","css":[{"key":"display","value":"inline-block"},{"key":"width","value":"120px"},{"key":"height","value":"45"},{"key":"font-size","value":"20px"},{"key":"margin","value":"1px"}],"text":null,"optional":"","volatileInfo":[],"widgetId":"WID20"}],"caption":"","field":"NONE","titldField":"STATICTEXT","type":"Pane","id":"ID_PULSEWIDTH","subId":"","css":[{"key":"width","value":"970"},{"key":"height","value":"75"},{"key":"display","value":"block"}],"text":null,"optional":"","volatileInfo":[],"widgetId":"WID14"},{"layout":"HORIZONTAL","widgets":[],"caption":"","field":"NONE","titldField":"STATICTEXT","type":"Chart","id":"ID_TRACE","subId":"","css":[{"key":"width","value":"1000px"},{"key":"height","value":"240"},{"key":"display","value":"block"}],"text":null,"optional":"","volatileInfo":[],"widgetId":"WID21"},{"layout":"HORIZONTAL","widgets":[],"caption":"","field":"NONE","titldField":"STATICTEXT","type":"Table","id":"ID_TABLE","subId":"","css":[{"key":"display","value":"block"},{"key":"width","value":"665"},{"key":"height","value":"155"}],"text":null,"optional":"","volatileInfo":[],"widgetId":"WID22"}],"caption":"","field":"NONE","titldField":"STATICTEXT","type":"Pane","id":"","subId":"","css":[{"key":"display","value":"inline-block"},{"key":"width","value":"1035"},{"key":"height","value":"595"}],"text":null,"optional":"","volatileInfo":[],"widgetId":"WID6"},{"layout":"VERTICAL","widgets":[{"layout":"HORIZONTAL","widgets":[],"caption":"","field":"VALUE","titldField":"STATICTEXT","type":"Button","id":"ID_OTDR_TESTCONTROL","subId":"","css":[{"key":"display","value":"block"},{"key":"width","value":"110px"},{"key":"height","value":"55px"},{"key":"font-size","value":"15px"},{"key":"font-family","value":"Arial"}],"text":null,"optional":"","volatileInfo":[],"widgetId":"WID24"},{"layout":"HORIZONTAL","widgets":[],"caption":"","field":"NONE","titldField":"STATICTEXT","type":"Button","id":"ID_TEST_MODE","subId":"","css":[{"key":"display","value":"block"},{"key":"width","value":"110px"},{"key":"height","value":"55px"},{"key":"font-size","value":"15px"},{"key":"font-family","value":"Arial"}],"text":null,"optional":"","volatileInfo":[],"widgetId":"WID25"},{"layout":"HORIZONTAL","widgets":[],"caption":"","field":"NONE","titldField":"STATICTEXT","type":"Button","id":"ID_COLLECMODE","subId":"","css":[{"key":"display","value":"block"},{"key":"width","value":"110px"},{"key":"height","value":"55px"},{"key":"font-size","value":"15px"},{"key":"font-family","value":"Arial"}],"text":null,"optional":"","volatileInfo":[],"widgetId":"WID26"}],"caption":"","field":"NONE","titldField":"STATICTEXT","type":"Pane","id":"","subId":"","css":[{"key":"display","value":"inline-block"},{"key":"width","value":"130"},{"key":"height","value":"390"},{"key":"vertical-align","value":"top"},{"key":"padding","value":"3px"}],"text":null,"optional":"","volatileInfo":[],"widgetId":"WID23"}],"caption":"","field":"NONE","titldField":"STATICTEXT","type":"Pane","id":"","subId":"","css":[{"key":"display","value":"block"},{"key":"width","value":"1180"},{"key":"height","value":"620"}],"text":null,"optional":"","volatileInfo":[],"widgetId":"WID5"}],"caption":"","field":"NONE","titldField":"STATICTEXT","type":"Pane","id":"","subId":"","css":[{"key":"position","value":"absolute"},{"key":"width","value":"1190"},{"key":"height","value":"660"},{"key":"border-style","value":"dashed"},{"key":"border-width","value":"1px"}],"text":null,"optional":"","volatileInfo":[],"widgetId":"WID4"}}}
