<?xml version="1.0" encoding="UTF-8" standalone="yes"?>
<specElement>
    <children>
        <children>
            <children>
                <children>
                    <children>
                        <description></description>
                        <name>StartにStopより大きい値が設定された場合は、StopはStart+0.1nmに設定される。</name>
                        <type>Node</type>
                    </children>
                    <children>
                        <description></description>
                        <name>StopにStartより小さい値が設定された場合は、StartはStop-0.1nmに設定される。</name>
                        <type>Node</type>
                    </children>
                    <description></description>
                    <name>数値の場合入力範囲は1250nm &lt; start &lt; stop &lt; 1650nm</name>
                    <type>Statement</type>
                </children>
                <children>
                    <children>
                        <description></description>
                        <name>O: 1260-1360nm, E: 1360-1460nm, S: 1460-1530nm</name>
                        <type>Node</type>
                    </children>
                    <description></description>
                    <name>バンドの場合S, C, L, C+L, O, Full, User Definedから選択が可能</name>
                    <type>Statement</type>
                </children>
                <description></description>
                <name>掃引範囲は数値入力とバンド入力が可能</name>
                <type>Task</type>
            </children>
            <children>
                <children>
                    <description></description>
                    <name>FPGAに測定開始を設定する</name>
                    <type>Node</type>
                </children>
                <description></description>
                <name>測定開始ボタンを押すと掃引を開始する</name>
                <type>Task</type>
            </children>
            <children>
                <description></description>
                <name>掃引が完了したら波形を画面に表示する</name>
                <type>Task</type>
            </children>
            <children>
                <children>
                    <description></description>
                    <name>解析方法は</name>
                    <type>Node</type>
                </children>
                <description></description>
                <name>掃引が完了したら解析を行う</name>
                <type>Task</type>
            </children>
            <children>
                <children>
                    <description></description>
                    <name>No, Wavelength, Level, OSNRをテーブルで表示する</name>
                    <type>Node</type>
                </children>
                <description></description>
                <name>解析が完了したら解析結果をテーブルで画面に表示する</name>
                <type>Task</type>
            </children>
            <description></description>
            <name>信号を掃引しスペクトラムをグラフに表示することができる</name>
            <type>Story</type>
        </children>
        <children>
            <children>
                <description></description>
                <name>バンドからAutoを選択し測定スタートする</name>
                <type>Spec</type>
            </children>
            <description></description>
            <name>掃引範囲設定の自動設定ができる</name>
            <type>Story</type>
        </children>
        <children>
            <description></description>
            <name>ノイズの多い信号は、アベレージすることでS/Nを向上することができる。</name>
            <type>Story</type>
        </children>
        <children>
            <description></description>
            <name>解析結果は経験の浅いユーザにもわかりやすくアイコンで表示することができる。</name>
            <type>Story</type>
        </children>
        <children>
            <description></description>
            <name>波長、レベル、OSNRはPass/Fail判定することができる。</name>
            <type>Story</type>
        </children>
        <children>
            <children>
                <description></description>
                <name>ITU-Tのグリッドからの波長ずれを一覧表示できる。</name>
                <type>Node</type>
            </children>
            <description></description>
            <name>波形からチャネルを自動検出し最適な解析条件でOSNRテーブルを表示する</name>
            <type>Story</type>
        </children>
        <children>
            <description></description>
            <name>自動OSNR計算に失敗した場合、ユーザは手動により解析条件を設定することができる。</name>
            <type>Story</type>
        </children>
        <children>
            <children>
                <description></description>
                <name>グラフの拡大ができる</name>
                <type>Node</type>
            </children>
            <children>
                <children>
                    <description></description>
                    <name>リモートコマンドで外部操作することができる。</name>
                    <type>Node</type>
                </children>
                <description></description>
                <name>カーソル移動ができる</name>
                <type>Node</type>
            </children>
            <description></description>
            <name>マニュアルで波形の詳細を確認することができる。</name>
            <type>Story</type>
        </children>
        <description></description>
        <name>WDM信号の評価を行うことができる</name>
        <type>Story</type>
    </children>
    <children>
        <description></description>
        <name>測定条件はファイルに保存でき、あとでそのファイルを読み込むことで同じ条件で測定ができる。</name>
        <type>Story</type>
    </children>
    <children>
        <children>
            <description></description>
            <name>過去の波形と比較を行うため複数波形を重ね描きすることができる。</name>
            <type>Story</type>
        </children>
        <description></description>
        <name>測定結果を保存し、後で結果を確認することができる。現在の波形との比較ができる。</name>
        <type>Story</type>
    </children>
    <children>
        <description></description>
        <name>測定結果はPDFレポートに出力することができる。</name>
        <type>Story</type>
    </children>
    <children>
        <description></description>
        <name>信号の変化を観測するため、リピート測定することができる。</name>
        <type>Story</type>
    </children>
    <description></description>
    <name>no name</name>
    <type>Node</type>
</specElement>
